-- ============================================================
-- Beracah Cafe - Full Database Restore
-- Run this in your new Supabase SQL Editor
-- ============================================================

BEGIN;

-- ============================================================
-- PART 1: SCHEMA SETUP (idempotent — safe to re-run)
-- ============================================================

CREATE OR REPLACE FUNCTION update_updated_at_column()
RETURNS TRIGGER AS $$
BEGIN
  NEW.updated_at = now();
  RETURN NEW;
END;
$$ language 'plpgsql';

-- --------------------------------------------------------
-- categories
-- --------------------------------------------------------
CREATE TABLE IF NOT EXISTS categories (
  id text PRIMARY KEY,
  name text NOT NULL,
  icon text NOT NULL DEFAULT '☕',
  sort_order integer NOT NULL DEFAULT 0,
  active boolean DEFAULT true,
  created_at timestamptz DEFAULT now(),
  updated_at timestamptz DEFAULT now()
);
ALTER TABLE categories ENABLE ROW LEVEL SECURITY;
DO $$ BEGIN
  CREATE POLICY "Anyone can read categories" ON categories FOR SELECT TO public USING (true);
EXCEPTION WHEN duplicate_object THEN NULL; END $$;
DO $$ BEGIN
  CREATE POLICY "Authenticated users can manage categories" ON categories FOR ALL TO authenticated USING (true) WITH CHECK (true);
EXCEPTION WHEN duplicate_object THEN NULL; END $$;
DO $$ BEGIN
  CREATE TRIGGER update_categories_updated_at
    BEFORE UPDATE ON categories
    FOR EACH ROW EXECUTE FUNCTION update_updated_at_column();
EXCEPTION WHEN duplicate_object THEN NULL; END $$;

-- --------------------------------------------------------
-- menu_items
-- --------------------------------------------------------
CREATE TABLE IF NOT EXISTS menu_items (
  id uuid PRIMARY KEY DEFAULT gen_random_uuid(),
  name text NOT NULL,
  description text NOT NULL,
  base_price decimal(10,2) NOT NULL,
  category text NOT NULL,
  popular boolean DEFAULT false,
  image_url text,
  created_at timestamptz DEFAULT now(),
  updated_at timestamptz DEFAULT now()
);
ALTER TABLE menu_items ADD COLUMN IF NOT EXISTS available boolean DEFAULT true;
ALTER TABLE menu_items ADD COLUMN IF NOT EXISTS sort_order integer NOT NULL DEFAULT 0;
ALTER TABLE menu_items ADD COLUMN IF NOT EXISTS variation_type text DEFAULT 'size';
ALTER TABLE menu_items ENABLE ROW LEVEL SECURITY;
DO $$ BEGIN
  CREATE POLICY "Anyone can read menu items" ON menu_items FOR SELECT TO public USING (true);
EXCEPTION WHEN duplicate_object THEN NULL; END $$;
DO $$ BEGIN
  CREATE POLICY "Authenticated users can manage menu items" ON menu_items FOR ALL TO authenticated USING (true) WITH CHECK (true);
EXCEPTION WHEN duplicate_object THEN NULL; END $$;
DO $$ BEGIN
  CREATE TRIGGER update_menu_items_updated_at
    BEFORE UPDATE ON menu_items
    FOR EACH ROW EXECUTE FUNCTION update_updated_at_column();
EXCEPTION WHEN duplicate_object THEN NULL; END $$;

-- --------------------------------------------------------
-- variations
-- --------------------------------------------------------
CREATE TABLE IF NOT EXISTS variations (
  id uuid PRIMARY KEY DEFAULT gen_random_uuid(),
  menu_item_id uuid REFERENCES menu_items(id) ON DELETE CASCADE,
  name text NOT NULL,
  price decimal(10,2) NOT NULL DEFAULT 0,
  created_at timestamptz DEFAULT now()
);
ALTER TABLE variations ADD COLUMN IF NOT EXISTS type text NOT NULL DEFAULT 'Size';
ALTER TABLE variations ENABLE ROW LEVEL SECURITY;
DO $$ BEGIN
  CREATE POLICY "Anyone can read variations" ON variations FOR SELECT TO public USING (true);
EXCEPTION WHEN duplicate_object THEN NULL; END $$;
DO $$ BEGIN
  CREATE POLICY "Authenticated users can manage variations" ON variations FOR ALL TO authenticated USING (true) WITH CHECK (true);
EXCEPTION WHEN duplicate_object THEN NULL; END $$;

-- --------------------------------------------------------
-- add_ons
-- --------------------------------------------------------
CREATE TABLE IF NOT EXISTS add_ons (
  id uuid PRIMARY KEY DEFAULT gen_random_uuid(),
  menu_item_id uuid REFERENCES menu_items(id) ON DELETE CASCADE,
  name text NOT NULL,
  price decimal(10,2) NOT NULL DEFAULT 0,
  category text NOT NULL,
  created_at timestamptz DEFAULT now()
);
ALTER TABLE add_ons ENABLE ROW LEVEL SECURITY;
DO $$ BEGIN
  CREATE POLICY "Anyone can read add-ons" ON add_ons FOR SELECT TO public USING (true);
EXCEPTION WHEN duplicate_object THEN NULL; END $$;
DO $$ BEGIN
  CREATE POLICY "Authenticated users can manage add-ons" ON add_ons FOR ALL TO authenticated USING (true) WITH CHECK (true);
EXCEPTION WHEN duplicate_object THEN NULL; END $$;

-- --------------------------------------------------------
-- serving_preferences
-- --------------------------------------------------------
CREATE TABLE IF NOT EXISTS serving_preferences (
  id uuid PRIMARY KEY DEFAULT gen_random_uuid(),
  menu_item_id uuid REFERENCES menu_items(id) ON DELETE CASCADE,
  name text NOT NULL,
  value text NOT NULL DEFAULT '',
  price decimal(10,2) NOT NULL DEFAULT 0,
  created_at timestamptz DEFAULT now()
);
ALTER TABLE serving_preferences ENABLE ROW LEVEL SECURITY;
DO $$ BEGIN
  CREATE POLICY "Anyone can read serving preferences" ON serving_preferences FOR SELECT TO public USING (true);
EXCEPTION WHEN duplicate_object THEN NULL; END $$;
DO $$ BEGIN
  CREATE POLICY "Authenticated users can manage serving preferences" ON serving_preferences FOR ALL TO authenticated USING (true) WITH CHECK (true);
EXCEPTION WHEN duplicate_object THEN NULL; END $$;

-- --------------------------------------------------------
-- promotional_banners
-- --------------------------------------------------------
CREATE TABLE IF NOT EXISTS promotional_banners (
  id uuid PRIMARY KEY DEFAULT gen_random_uuid(),
  title text NOT NULL DEFAULT '',
  description text,
  image_url text NOT NULL,
  link_url text,
  active boolean DEFAULT true,
  sort_order integer DEFAULT 0,
  start_date timestamptz,
  end_date timestamptz,
  created_at timestamptz DEFAULT now(),
  updated_at timestamptz DEFAULT now()
);
ALTER TABLE promotional_banners ENABLE ROW LEVEL SECURITY;
DO $$ BEGIN
  CREATE POLICY "Anyone can read active banners" ON promotional_banners FOR SELECT TO public USING (active = true);
EXCEPTION WHEN duplicate_object THEN NULL; END $$;
DO $$ BEGIN
  CREATE POLICY "Authenticated users can manage banners" ON promotional_banners FOR ALL TO authenticated USING (true) WITH CHECK (true);
EXCEPTION WHEN duplicate_object THEN NULL; END $$;
DO $$ BEGIN
  CREATE TRIGGER update_promotional_banners_updated_at
    BEFORE UPDATE ON promotional_banners
    FOR EACH ROW EXECUTE FUNCTION update_updated_at_column();
EXCEPTION WHEN duplicate_object THEN NULL; END $$;

-- --------------------------------------------------------
-- bundles
-- --------------------------------------------------------
CREATE TABLE IF NOT EXISTS bundles (
  id uuid PRIMARY KEY DEFAULT gen_random_uuid(),
  name text NOT NULL,
  description text NOT NULL DEFAULT '',
  image_url text,
  pricing_type text NOT NULL DEFAULT 'fixed' CHECK (pricing_type IN ('fixed', 'discount')),
  fixed_price decimal(10,2) NOT NULL DEFAULT 0,
  discount_type text NOT NULL DEFAULT 'none' CHECK (discount_type IN ('none', 'fixed', 'percentage')),
  discount_value decimal(10,2) NOT NULL DEFAULT 0,
  active boolean DEFAULT true,
  show_on_menu boolean DEFAULT false,
  sort_order integer DEFAULT 0,
  created_at timestamptz DEFAULT now(),
  updated_at timestamptz DEFAULT now()
);
ALTER TABLE bundles ENABLE ROW LEVEL SECURITY;
DO $$ BEGIN
  CREATE POLICY "Anyone can read bundles" ON bundles FOR SELECT TO public USING (true);
EXCEPTION WHEN duplicate_object THEN NULL; END $$;
DO $$ BEGIN
  CREATE POLICY "Authenticated users can manage bundles" ON bundles FOR ALL TO authenticated USING (true) WITH CHECK (true);
EXCEPTION WHEN duplicate_object THEN NULL; END $$;
DO $$ BEGIN
  CREATE POLICY "Anon users can insert bundles" ON bundles FOR INSERT TO anon WITH CHECK (true);
EXCEPTION WHEN duplicate_object THEN NULL; END $$;
DO $$ BEGIN
  CREATE POLICY "Anon users can update bundles" ON bundles FOR UPDATE TO anon USING (true) WITH CHECK (true);
EXCEPTION WHEN duplicate_object THEN NULL; END $$;
DO $$ BEGIN
  CREATE POLICY "Anon users can delete bundles" ON bundles FOR DELETE TO anon USING (true);
EXCEPTION WHEN duplicate_object THEN NULL; END $$;
DO $$ BEGIN
  CREATE TRIGGER update_bundles_updated_at
    BEFORE UPDATE ON bundles
    FOR EACH ROW EXECUTE FUNCTION update_updated_at_column();
EXCEPTION WHEN duplicate_object THEN NULL; END $$;

-- --------------------------------------------------------
-- bundle_items
-- --------------------------------------------------------
CREATE TABLE IF NOT EXISTS bundle_items (
  id uuid PRIMARY KEY DEFAULT gen_random_uuid(),
  bundle_id uuid NOT NULL REFERENCES bundles(id) ON DELETE CASCADE,
  menu_item_id uuid NOT NULL REFERENCES menu_items(id) ON DELETE CASCADE,
  sort_order integer DEFAULT 0
);
ALTER TABLE bundle_items ENABLE ROW LEVEL SECURITY;
DO $$ BEGIN
  CREATE POLICY "Anyone can read bundle_items" ON bundle_items FOR SELECT TO public USING (true);
EXCEPTION WHEN duplicate_object THEN NULL; END $$;
DO $$ BEGIN
  CREATE POLICY "Authenticated users can manage bundle_items" ON bundle_items FOR ALL TO authenticated USING (true) WITH CHECK (true);
EXCEPTION WHEN duplicate_object THEN NULL; END $$;
DO $$ BEGIN
  CREATE POLICY "Anon users can insert bundle_items" ON bundle_items FOR INSERT TO anon WITH CHECK (true);
EXCEPTION WHEN duplicate_object THEN NULL; END $$;
DO $$ BEGIN
  CREATE POLICY "Anon users can update bundle_items" ON bundle_items FOR UPDATE TO anon USING (true) WITH CHECK (true);
EXCEPTION WHEN duplicate_object THEN NULL; END $$;
DO $$ BEGIN
  CREATE POLICY "Anon users can delete bundle_items" ON bundle_items FOR DELETE TO anon USING (true);
EXCEPTION WHEN duplicate_object THEN NULL; END $$;

-- --------------------------------------------------------
-- upsells
-- --------------------------------------------------------
CREATE TABLE IF NOT EXISTS upsells (
  id uuid PRIMARY KEY DEFAULT gen_random_uuid(),
  type text NOT NULL CHECK (type IN ('best_pair', 'upgrade_meal', 'before_you_go')),
  name text NOT NULL,
  description text NOT NULL DEFAULT '',
  trigger_item_ids uuid[] DEFAULT '{}',
  offer_item_ids uuid[] DEFAULT '{}',
  discount_type text NOT NULL DEFAULT 'none' CHECK (discount_type IN ('none', 'fixed', 'percentage')),
  discount_value decimal(10,2) NOT NULL DEFAULT 0,
  active boolean DEFAULT true,
  sort_order integer DEFAULT 0,
  image_url text,
  skip_label text NOT NULL DEFAULT 'No, thanks',
  accept_label text NOT NULL DEFAULT 'Add to Order',
  created_at timestamptz DEFAULT now(),
  updated_at timestamptz DEFAULT now()
);
ALTER TABLE upsells ADD COLUMN IF NOT EXISTS bundle_id uuid REFERENCES bundles(id) ON DELETE SET NULL;
ALTER TABLE upsells ENABLE ROW LEVEL SECURITY;
DO $$ BEGIN
  CREATE POLICY "Anyone can read upsells" ON upsells FOR SELECT TO public USING (true);
EXCEPTION WHEN duplicate_object THEN NULL; END $$;
DO $$ BEGIN
  CREATE POLICY "Authenticated users can manage upsells" ON upsells FOR ALL TO authenticated USING (true) WITH CHECK (true);
EXCEPTION WHEN duplicate_object THEN NULL; END $$;
DO $$ BEGIN
  CREATE POLICY "Anon users can insert upsells" ON upsells FOR INSERT TO anon WITH CHECK (true);
EXCEPTION WHEN duplicate_object THEN NULL; END $$;
DO $$ BEGIN
  CREATE POLICY "Anon users can update upsells" ON upsells FOR UPDATE TO anon USING (true) WITH CHECK (true);
EXCEPTION WHEN duplicate_object THEN NULL; END $$;
DO $$ BEGIN
  CREATE POLICY "Anon users can delete upsells" ON upsells FOR DELETE TO anon USING (true);
EXCEPTION WHEN duplicate_object THEN NULL; END $$;
DO $$ BEGIN
  CREATE TRIGGER update_upsells_updated_at
    BEFORE UPDATE ON upsells
    FOR EACH ROW EXECUTE FUNCTION update_updated_at_column();
EXCEPTION WHEN duplicate_object THEN NULL; END $$;

-- ============================================================
-- PART 2: DATA
-- ============================================================

-- 1. CATEGORIES
INSERT INTO "public"."categories" ("id", "name", "icon", "sort_order", "active", "created_at", "updated_at") VALUES ('add-ons', 'ADD ONS', '🧀', '16', 'true', '2025-09-01 04:27:05.608175+00', '2026-02-14 17:23:51.894025+00'), ('ala-carte', 'ALA CARTE', '🫖', '10', 'true', '2025-09-01 04:19:34.538905+00', '2026-02-13 14:33:55.683776+00'), ('cakes', 'CAKES & CROISSANTS ', '🍰🥐', '12', 'true', '2025-09-01 04:25:07.578136+00', '2026-02-14 17:21:15.130876+00'), ('cinnamon-roll', 'CINNAMON ROLL', '🥮', '14', 'true', '2025-09-01 04:25:58.413551+00', '2026-02-14 17:22:39.603555+00'), ('croffles', 'CROFFLES', '🥐', '13', 'true', '2025-09-01 04:25:42.532286+00', '2026-02-14 17:21:39.168331+00'), ('diy-korean-ramen', 'DIY KOREAN RAMEN', '🍜', '15', 'true', '2025-09-01 04:26:48.931898+00', '2026-02-14 17:23:08.03304+00'), ('food', 'MEALS', ' 🍛', '9', 'true', '2025-09-01 00:53:53.985356+00', '2026-02-14 17:19:10.280677+00'), ('frappe-and-shakes', 'HALO-HALO, SHAKES  AND FRAPPES', '🍧', '8', 'true', '2025-09-01 04:29:25.438908+00', '2026-02-14 17:18:13.704155+00'), ('hot-coffee', 'ICONIC HOT COFFEE & CHOCO', '☕', '3', 'true', '2025-09-01 00:53:53.985356+00', '2026-02-13 14:33:54.261889+00'), ('iced-coffee', 'ICONIC ICED COFFEE', '🧊', '2', 'true', '2025-09-01 00:53:53.985356+00', '2026-02-13 14:33:54.06283+00'), ('matcha-special', 'MATCHA SPECIAL', '🍵', '4', 'true', '2025-09-01 04:14:49.787038+00', '2026-02-14 17:15:32.662335+00'), ('non-coffee', 'REFRESHING COOLERS', '🧊', '6', 'true', '2025-09-01 00:53:53.985356+00', '2026-02-25 09:28:06.565308+00'), ('other-snacks', 'SALAD & OTHER SNACKS', ' 🥗🍔', '11', 'true', '2025-09-01 04:26:20.823873+00', '2026-02-14 17:20:07.719858+00'), ('premium-hot-tea', 'PREMIUM HOT TEA', '☕', '5', 'true', '2025-10-01 06:49:33.937093+00', '2026-02-14 17:16:02.51657+00'), ('soda-splash', 'SODA SPLASH', '🥤', '7', 'true', '2025-11-04 11:26:20.902272+00', '2026-02-14 17:17:39.895131+00'), ('valentine-presents', 'VALENTINE PRESENTS', '❤️', '1', 'false', '2026-02-13 13:50:34.595072+00', '2026-02-14 16:58:22.720074+00') ON CONFLICT DO NOTHING;

-- 2. MENU ITEMS
INSERT INTO "public"."menu_items" ("id", "name", "description", "base_price", "category", "popular", "image_url", "created_at", "updated_at", "available", "sort_order", "variation_type") VALUES ('0077fd26-f8d3-4df3-9056-24d6d3b91cb6', 'SPICY GARLIC BUTTER WINGS', 'Crispy, golden-fried chicken wings tossed in our rich garlic butter sauce with a bold spicy kick. Each bite delivers the perfect balance of savory butter, aromatic garlic, and mouth-watering heat — irresistibly flavorful and satisfying.', '250.00', 'food', 'true', 'https://xnnracrkpapdfqcistvh.supabase.co/storage/v1/object/public/menu-images/1769939243363-3kjtor9lgv7.jpeg', '2026-02-01 09:47:27.380738+00', '2026-02-14 17:54:51.757017+00', 'true', '1', 'size'), ('008424b7-5311-444b-a46c-c6ad17e3022d', 'BLUE LEMON POP SODA', 'A refreshing fusion of bright lemon and subtle orange peel notes blended with sparkling soda. Light, citrusy, and beautifully uplifting in every sip.', '120.00', 'soda-splash', 'false', 'https://xnnracrkpapdfqcistvh.supabase.co/storage/v1/object/public/menu-images/1762257086980-gn6jchn7e3h.jpeg', '2025-11-04 11:53:52.41958+00', '2026-02-08 06:18:00.407509+00', 'true', '127', 'size'), ('042dcd49-275e-4c80-ba37-e86b804b33c5', 'SHIN RAMYUN SPICY', 'A classic Korean spicy noodle soup with a bold, flavorful broth and chewy noodles — perfect for those who love a satisfying, spicy kick.', '75.00', 'diy-korean-ramen', 'false', 'https://xnnracrkpapdfqcistvh.supabase.co/storage/v1/object/public/menu-images/1756733318427-uidexlixy3.webp', '2025-09-01 13:28:59.873934+00', '2026-01-08 13:06:47.625214+00', 'true', '104', 'size'), ('0496e80b-bc9b-47ec-89d5-d3ab1993c6c5', 'MATCHA TIRAMISU ', 'A Japanese twist on the classic Italian dessert — delicate layers of mascarpone cream and soft sponge infused with earthy matcha green tea. Lightly dusted with premium matcha powder for a perfectly ba', '130.00', 'cakes', 'true', 'https://xnnracrkpapdfqcistvh.supabase.co/storage/v1/object/public/menu-images/1756732384408-nfquyt7gj0g.jpg', '2025-08-30 06:44:53.565301+00', '2026-01-20 13:41:28.739576+00', 'false', '10', 'size'), ('04cc062d-e374-485a-8b30-8553ff32f7e1', 'GARDEN FRESH SANDWICH', '
A deliciously satisfying sandwich made with perfectly toasted wheat bread, filled with savory ham, crispy bacon, and perfectly scrambled eggs, layered with fresh tomato, cucumber, and crisp lettuce — a balanced blend of rich flavors and refreshing crunch in every bite.', '125.00', 'other-snacks', 'true', 'https://xnnracrkpapdfqcistvh.supabase.co/storage/v1/object/public/menu-images/1769731461860-4uuw7l7m5xs.jpeg', '2026-01-30 00:07:14.936445+00', '2026-02-16 06:03:16.292666+00', 'true', '5', 'size'), ('04fa9f20-da8e-4614-b152-aa082964f8cc', 'STEUARTS PREMIUM CEYLON BLACK TEA', 'This premium blend offers a smooth, malty flavor with subtle hints of citrus, leaving a clean and refreshing finish. Perfect for enjoying plain or with a touch of milk and honey, it delivers both energy and elegance in every cup.', '60.00', 'premium-hot-tea', 'false', 'https://xnnracrkpapdfqcistvh.supabase.co/storage/v1/object/public/menu-images/1759301896406-s8te719f65m.jpeg', '2025-10-01 07:00:24.255032+00', '2026-01-08 13:06:47.625214+00', 'true', '115', 'size'), ('0823e099-15ac-4077-be92-75d95e03a0f0', 'YEMA CHOCOLATE CAKE', 'Rich, creamy yema custard swirled with smooth chocolate, creating a perfect blend of sweet and indulgent flavors. A delightful treat for chocolate and caramel lovers alike!', '150.00', 'cakes', 'false', 'https://xnnracrkpapdfqcistvh.supabase.co/storage/v1/object/public/menu-images/1756732055983-h50nbsumnqk.jpg', '2025-08-30 06:43:49.536387+00', '2026-02-20 07:14:43.552751+00', 'true', '9', 'size'), ('0a29cfeb-acc4-4887-9fa1-fd98ee1cba77', '2 PC BONELESS CHICKEN TONKATSU', 'Crispy, golden boneless fried chicken served with steamed rice, fresh seasonal vegetables, and our house signature sauce for an extra burst of flavor. A deliciously satisfying meal made just for you!', '220.00', 'food', 'false', 'https://xnnracrkpapdfqcistvh.supabase.co/storage/v1/object/public/menu-images/1756728847680-76babv0ocyx.jpg', '2025-09-01 12:14:10.935702+00', '2026-02-16 07:07:17.859312+00', 'true', '13', 'size'), ('0abca338-30a3-4435-b9da-9b9aab6ae07c', 'SPICY BUFFALO WINGS', 'Crispy, golden-fried chicken wings tossed in our bold Buffalo sauce — perfectly balanced with spicy heat and tangy flavor. Juicy on the inside, crunchy on the outside, and served with mixed vegetables for a satisfying and well-balanced meal.', '220.00', 'food', 'true', 'https://xnnracrkpapdfqcistvh.supabase.co/storage/v1/object/public/menu-images/1769175595549-a37w0qrtn5v.jpeg', '2026-01-15 04:40:44.951522+00', '2026-02-20 07:59:51.271895+00', 'true', '2', 'size'), ('0c17987b-bff3-4703-aff9-13187fca903e', 'PORK SISIG ALA CARTE', 'Sizzling chopped pork tossed with onions and spices, topped with a freshly cooked egg and our signature special mayo. Crispy, creamy, and bursting with bold Filipino flavor—perfect for sharing ', '270.00', 'ala-carte', 'true', 'https://xnnracrkpapdfqcistvh.supabase.co/storage/v1/object/public/menu-images/1756730555897-nm17osima8.jpg', '2025-08-30 06:28:25.057701+00', '2026-02-07 08:46:22.335335+00', 'true', '6', 'size'), ('0c9f51a4-d0c8-46bf-8d0f-89c96a95d99d', 'CINNAMON ROLL PISTACHIO', 'A soft, buttery cinnamon roll swirled with warm spices, topped with a luscious pistachio glaze and a sprinkle of crushed pistachios for a nutty crunch in every bite.', '130.00', 'cinnamon-roll', 'false', 'https://xnnracrkpapdfqcistvh.supabase.co/storage/v1/object/public/menu-images/1756716413042-eand6w0hp9c.jpg', '2025-08-30 06:51:21.793197+00', '2026-01-31 05:08:31.41986+00', 'false', '3', 'size'), ('0e7bc48e-2fb0-4275-9ee8-d2d84e33ac89', 'ICE CREAM CROFFLE', 'Crispy, flaky croffles topped with creamy, dreamy scoops of ice cream. A perfect balance of warm and cold, crunchy and smooth—an irresistible dessert delight!', '135.00', 'croffles', 'false', 'https://xnnracrkpapdfqcistvh.supabase.co/storage/v1/object/public/menu-images/1756714638131-fab039za8n.jpg', '2025-08-30 06:45:52.48103+00', '2026-01-08 13:06:47.625214+00', 'true', '20', 'size'), ('0f79e4dc-c8e2-47e3-bbee-7910636a4e3f', 'PEACH ICED TEA', 'This iced tea is smooth, fragrant, and naturally bright—served chilled to bring a crisp, fruity finish that cools you down with every sip. Light, uplifting, and deliciously peachy, it’s the perfect drink for warm days or anytime you want a burst of fresh flavor.', '60.00', 'non-coffee', 'false', 'https://xnnracrkpapdfqcistvh.supabase.co/storage/v1/object/public/menu-images/1763096538808-uu7y56br4ts.jpeg', '2025-11-14 05:02:28.074345+00', '2026-02-03 08:37:18.14737+00', 'true', '7', 'size'), ('104e3f30-32e0-4ed7-bbae-2e890d7fc237', 'SAMYANG BULDAK QUATTRO', 'A bold fusion of four intense flavors—spicy, cheesy, creamy, and smoky—in one unforgettable fiery noodle experience.', '125.00', 'diy-korean-ramen', 'false', 'https://xnnracrkpapdfqcistvh.supabase.co/storage/v1/object/public/menu-images/1756733172474-1zlmp42h8sj.webp', '2025-09-01 13:26:19.117039+00', '2026-01-08 13:06:47.625214+00', 'true', '102', 'size'), ('105142c7-dbd9-4fa2-8b1f-f181f74afe1d', 'CUCUMBER LEMONADE GLASS', 'A crisp, cooling blend of fresh cucumber and zesty lemonade. Light, revitalizing, and perfect for a refreshing twist on a classic favorite!', '40.00', 'non-coffee', 'false', 'https://xnnracrkpapdfqcistvh.supabase.co/storage/v1/object/public/menu-images/1756727344558-viru5wvzrsl.jpg', '2025-09-01 11:49:36.058977+00', '2026-02-09 10:40:29.445687+00', 'true', '4', 'size'), ('176c2d25-cbaa-4974-8d08-01a2d39980a9', 'ICED CAFE MOCHA', 'A classic blend of espresso, steamed milk, and chocolate for a sweet and bold coffee experience', '160.00', 'iced-coffee', 'false', 'https://xnnracrkpapdfqcistvh.supabase.co/storage/v1/object/public/menu-images/1770289302198-kijq0svizp9.jpeg', '2025-09-01 10:57:24.27668+00', '2026-02-12 16:16:28.569721+00', 'true', '12', 'size'), ('18b4aa99-4d9b-4655-b311-78493b28ff55', 'DUTCHE VALENTINE HEART', 'A charming heart-shaped box filled with premium red-wrapped chocolates, beautifully presented for the season of love. Perfect for gifting, sharing, or adding a sweet romantic touch to your celebration. Comes with a “To & From” label for your special message.', '100.00', 'valentine-presents', 'true', 'https://xnnracrkpapdfqcistvh.supabase.co/storage/v1/object/public/menu-images/1770993133792-7uanf6ifab.jpeg', '2026-02-13 13:49:24.352264+00', '2026-02-13 14:32:25.81331+00', 'true', '128', 'size'), ('1963c3b5-428e-4ec4-b503-66c695ef0f6c', 'CHOCOLATE CROFFLE', 'A warm, flaky croffle drizzled generously with rich chocolate sauce — a classic and indulgent chocolate delight.', '130.00', 'croffles', 'false', 'https://xnnracrkpapdfqcistvh.supabase.co/storage/v1/object/public/menu-images/1756714822001-lywqby6b2x.jpg', '2025-08-30 06:49:44.837737+00', '2026-01-08 13:06:47.625214+00', 'true', '25', 'size'), ('1a81d4c0-da24-49fc-846c-2471ba279a45', 'BEEF TAPA & PORK SISIG COMBO', 'avor the best of Filipino flavors with tender marinated beef tapa and sizzling, flavorful pork sisig, served alongside steamed rice and fresh seasonal vegetables. A perfectly balanced, hearty meal pa', '240.00', 'food', 'true', 'https://xnnracrkpapdfqcistvh.supabase.co/storage/v1/object/public/menu-images/1756728596873-ni4azxym9hj.jpg', '2025-09-01 12:10:01.450081+00', '2026-02-07 06:24:47.751469+00', 'true', '11', 'size'), ('1b5146c5-3901-45bc-b0fb-c56ea7fb4223', 'PINEAPPLE ICE CREAM', 'This trending Pineapple Ice Cream is served inside a fresh, hollowed pineapple—making it as eye-catching as it is delicious. Made from sweet, sun-ripened Bukidnon pineapples, it delivers a naturally creamy, tropical flavor with the perfect balance of sweetness and refreshing tang.

Smooth, rich, and bursting with real pineapple goodness, this dessert is a must-try for fruit lovers and anyone craving a cool, tropical indulgence. A true farm-to-freezer treat straight from the highlands of Bukidnon!', '195.00', 'other-snacks', 'false', 'https://xnnracrkpapdfqcistvh.supabase.co/storage/v1/object/public/menu-images/1771221572878-jxr1y9wil4.jpeg', '2026-02-16 05:59:41.230714+00', '2026-02-16 06:03:15.474434+00', 'true', '1', 'size'), ('1b93b29c-5610-4929-8f34-ac8a12b3abcb', 'CHICKEN POPS ALA CARTE', 'Crispy, bite-sized chicken pops served with a variety of special sauces to suit every craving. Perfect as a flavorful snack or appetizer to share.', '295.00', 'ala-carte', 'true', 'https://xnnracrkpapdfqcistvh.supabase.co/storage/v1/object/public/menu-images/1756729677384-2sopkvc3q7r.jpg', '2025-08-30 06:25:24.08009+00', '2026-02-25 01:47:35.742656+00', 'true', '3', 'size'), ('1df5d2e4-a225-4e21-a65b-c45c7e2a0c1d', 'BISCOFF CROFFLE OVERLOAD', 'A crispy croissant-waffle hybrid drizzled with rich Biscoff sauce, topped with crushed Biscoff cookies for the ultimate indulgent treat.', '135.00', 'croffles', 'true', 'https://xnnracrkpapdfqcistvh.supabase.co/storage/v1/object/public/menu-images/1756714708922-bxgzrp81a3j.jpg', '2025-08-30 06:46:44.819675+00', '2026-01-08 13:06:47.625214+00', 'true', '22', 'size'), ('1ec4d346-3550-4e68-87aa-f573c27f9e51', 'CHICKEN TOCINO', 'Sweet and savory marinated chicken tocino, cooked tender and juicy, served with steamed rice and fresh seasonal vegetables. A deliciously balanced meal full of classic Filipino flavor!', '160.00', 'food', 'false', 'https://xnnracrkpapdfqcistvh.supabase.co/storage/v1/object/public/menu-images/1756729033636-qpypsf86td8.jpg', '2025-09-01 12:17:17.409127+00', '2026-02-07 06:24:48.388698+00', 'true', '16', 'size'), ('1f1e4e86-afef-4014-89a7-ad6f10f79b43', 'PISTACHIO KATAIFI CAKE', 'A delightful Middle Eastern dessert made with finely shredded filo pastry, wrapped around a rich pistachio filling and baked to golden perfection. Finished with a drizzle of fragrant syrup for a sweet', '180.00', 'cakes', 'true', 'https://xnnracrkpapdfqcistvh.supabase.co/storage/v1/object/public/menu-images/1756731354632-ow2ukpnji2.jpg', '2025-08-30 06:40:34.306105+00', '2026-02-25 06:43:52.637495+00', 'false', '5', 'size'), ('23f3a97d-7e58-4a32-b1a7-ff9a43582370', 'STEUARTS PEPPERMINT TEA', 'A naturally caffeine-free herbal infusion made from pure peppermint leaves. Cooling and refreshing with a crisp minty flavor, it soothes the senses and aids digestion. Perfect as a calming cup after meals or a relaxing drink any time of the day.', '60.00', 'premium-hot-tea', 'false', 'https://xnnracrkpapdfqcistvh.supabase.co/storage/v1/object/public/menu-images/1759312415714-6nfnr3hd7pk.jpeg', '2025-10-01 07:54:23.263198+00', '2026-01-08 13:06:47.625214+00', 'true', '118', 'size'), ('2454e1ba-0a1c-44a0-9999-8d170845d1b9', 'BLUEBERRY CHEESECAKE', 'Creamy, velvety cheesecake topped with a luscious, tangy blueberry compote. A perfect balance of sweet and tart that melts in your mouth with every bite! ', '180.00', 'cakes', 'true', 'https://xnnracrkpapdfqcistvh.supabase.co/storage/v1/object/public/menu-images/1756731446033-20xic8u7lhl.jpg', '2025-08-30 06:41:18.430365+00', '2026-01-20 13:41:27.647+00', 'true', '2', 'size'), ('24f22130-c657-4852-acb9-2946ec401486', 'WHIPPED CREAM (ADD-ON)', 'A perfect add-on for your drinks.', '30.00', 'add-ons', 'false', 'https://xnnracrkpapdfqcistvh.supabase.co/storage/v1/object/public/menu-images/1756734080761-913gengxdft.jpg', '2025-08-30 07:03:11.940873+00', '2026-01-08 13:06:47.625214+00', 'true', '46', 'size'), ('2952bfdb-280b-40a5-9bfb-3e45f2f8e7c8', 'LYCHEE BLISS Pitcher', 'A delicately sweet and refreshing lychee cooler, infused with the gentle floral notes of real lychee and served ice-cold for ultimate refreshment. Finished with juicy lychee bits sinkers at the bottom, adding a delightful burst of flavor in every sip.', '180.00', 'non-coffee', 'false', 'https://xnnracrkpapdfqcistvh.supabase.co/storage/v1/object/public/menu-images/1772013316637-fpe9tfl3kjt.jpeg', '2026-02-25 09:55:27.148573+00', '2026-02-25 13:20:26.017908+00', 'true', '136', 'size'), ('2add57d9-727c-42f5-b1b3-b2955f6c65b3', 'SPICY BIBIMBAP', 'A vibrant Korean rice bowl topped with fresh vegetables, seasoned pork meat, and a rich gochujang sauce. Mixed together for a balanced, spicy, and flavorful harmony in every bite.', '220.00', 'food', 'true', 'https://xnnracrkpapdfqcistvh.supabase.co/storage/v1/object/public/menu-images/1771760829859-1508wzcf9c9.jpeg', '2025-11-04 12:20:54.243301+00', '2026-02-22 11:47:24.511678+00', 'true', '3', 'size'), ('2b66f5f2-5a36-41ab-8c18-77ecd5c1b1f5', 'SAMYANG BULDAK CARBONARA', 'A creamy twist on spicy fire noodles, combining rich carbonara sauce with Samyang’s signature heat — bold, indulgent, and uniquely flavorful.', '125.00', 'diy-korean-ramen', 'false', 'https://xnnracrkpapdfqcistvh.supabase.co/storage/v1/object/public/menu-images/1756733046197-8xkpy489exv.webp', '2025-09-01 13:24:08.052124+00', '2026-01-08 13:06:47.625214+00', 'true', '99', 'size'), ('2c29f434-3f89-4a28-9e6c-c40dc7be4ef0', 'MATCHA ALMOND CROFFLE', 'A perfectly crisp croffle topped with earthy matcha cream, light cream topping, and crunchy sliced almonds — a delightful blend of bold, creamy, and nutty flavors.', '150.00', 'croffles', 'false', 'https://xnnracrkpapdfqcistvh.supabase.co/storage/v1/object/public/menu-images/1756714904298-sk8g04upvp.jpg', '2025-08-30 06:50:36.067203+00', '2026-01-08 13:06:47.625214+00', 'true', '27', 'size'), ('2c85df10-4de2-4f6d-ac78-35f4c3219b51', 'CREAMY MANGO SHAKE', 'A tropical delight made with ripe, juicy mangoes blended to perfection with creamy goodness. Smooth, refreshing, and bursting with real fruit flavor in every sip!', '130.00', 'frappe-and-shakes', 'true', 'https://xnnracrkpapdfqcistvh.supabase.co/storage/v1/object/public/menu-images/1770437020578-qk12gudlpe.jpeg', '2025-09-01 11:23:27.837647+00', '2026-02-10 06:13:01.623779+00', 'true', '4', 'size'), ('2f402e44-2c67-4195-8328-29b95a99d1a4', 'ALMOND CROISSANT ', 'Enjoy our golden, buttery croissant topped with toasted almond flakes and lightly dusted with powdered sugar. Inside, you’ll find a moist, slightly dense almond filling with a soft, pasty texture that adds a rich nutty sweetness to every bite. Crisp and flaky on the outside, tender and flavorful within — a comforting classic with a satisfying almond finish.', '200.00', 'cakes', 'false', 'https://xnnracrkpapdfqcistvh.supabase.co/storage/v1/object/public/menu-images/1771089169159-9x5kfigibrl.jpeg', '2026-02-14 16:53:34.122224+00', '2026-02-25 11:07:13.151651+00', 'true', '134', 'size'), ('38f4dcab-c827-441c-8bf4-b43763af2cbb', 'BURNT CHEESECAKE ', 'A creamy, caramelized Basque-style burnt cheesecake set on a rich, fudgy brownie crust. The perfect balance of velvety smooth cheesecake and decadent chocolate — indulgence in every bite.', '190.00', 'cakes', 'true', 'https://xnnracrkpapdfqcistvh.supabase.co/storage/v1/object/public/menu-images/1756732498520-1xxxh5jx87f.jpg', '2025-08-30 06:45:17.628452+00', '2026-02-14 12:19:37.909251+00', 'false', '4', 'size'), ('39535c84-c53d-4745-9c5b-fdca345f281b', 'CARAMEL MOUSSE CAKE', 'A smooth and creamy caramel mousse layered with soft vanilla sponge, finished with a glossy caramel glaze on top. Light, velvety, and perfectly balanced with just the right sweetness — every slice melts in your mouth with rich caramel goodness.', '180.00', 'cakes', 'true', 'https://xnnracrkpapdfqcistvh.supabase.co/storage/v1/object/public/menu-images/1768916399180-cpr6wytncdb.jpeg', '2026-01-20 13:40:41.018707+00', '2026-02-24 07:13:23.239192+00', 'true', '1', 'size'), ('3a4f0a98-20d7-4460-be93-8e257f02ad7d', 'PEACH ICED TEA PITCHER', 'This iced tea is smooth, fragrant, and naturally bright—served chilled to bring a crisp, fruity finish that cools you down with every sip. Light, uplifting, and deliciously peachy, it’s the perfect drink for warm days or anytime you want a burst of fresh flavor.', '180.00', 'non-coffee', 'false', 'https://xnnracrkpapdfqcistvh.supabase.co/storage/v1/object/public/menu-images/1763097213264-9z1l9qpycpv.jpeg', '2025-11-14 05:13:40.238228+00', '2026-02-03 08:37:18.506746+00', 'true', '8', 'size'), ('3c4a6eff-8232-4970-b468-3af4ad49c88f', 'FLAVORED FRIES', 'Crispy fries coated with cheese powder and available in various tasty flavors — a cheesy and flavorful snack for every craving.', '75.00', 'other-snacks', 'false', 'https://xnnracrkpapdfqcistvh.supabase.co/storage/v1/object/public/menu-images/1771142376212-r759rdzw63m.jpeg', '2025-08-30 06:57:25.663541+00', '2026-02-16 06:03:17.362719+00', 'true', '10', 'size'), ('3d522946-355a-49ea-8ce6-8bc68517c528', 'CAFÉ CHOCOLATE FRAPPE', 'A rich and frosty chocolate delight made with creamy milk, premium cocoa, and ice blended to velvety perfection. Topped with whipped cream and a drizzle of decadent chocolate syrup, this frappe delivers the perfect balance of sweetness and smoothness. A refreshing treat for chocolate lovers—cool, indulgent, and irresistibly satisfying.', '180.00', 'frappe-and-shakes', 'false', 'https://xnnracrkpapdfqcistvh.supabase.co/storage/v1/object/public/menu-images/1763735279663-s2q2kq7kbff.png', '2025-11-21 14:16:32.014883+00', '2026-02-15 12:18:17.540594+00', 'true', '16', 'size'), ('3e474ffa-b2ba-4e97-b0a9-a4d35c437a80', 'BEEF TAPA', 'Savory, marinated beef tapa pan-fried to juicy perfection, served with steamed rice and fresh, crisp seasonal vegetables. A balanced and flavorful Filipino classic!', '195.00', 'food', 'true', 'https://xnnracrkpapdfqcistvh.supabase.co/storage/v1/object/public/menu-images/1756728357726-8inifv12buy.jpg', '2025-09-01 12:06:02.113144+00', '2026-02-07 06:24:47.447644+00', 'true', '9', 'size'), ('3f4eb246-abd0-4621-a85e-27ca794890d2', 'STEUARTS MIXED FRUITS TEA', 'A vibrant blend of fine tea infused with the natural sweetness of assorted fruits. Bursting with juicy flavors like apple, berry, and citrus, it offers a refreshing balance of tangy and sweet notes.', '60.00', 'premium-hot-tea', 'false', 'https://xnnracrkpapdfqcistvh.supabase.co/storage/v1/object/public/menu-images/1759312469456-9l6k4sutfbo.jpeg', '2025-10-01 07:46:25.136711+00', '2026-01-08 13:06:47.625214+00', 'true', '117', 'size'), ('441447a1-e421-443f-b3ea-431856fbb72a', 'GRILLED PORK BELLY', 'Juicy, tender pork belly grilled to perfection with a smoky, caramelized finish. Served with rice and fresh vegetables for a hearty and satisfying meal.', '190.00', 'food', 'false', 'https://xnnracrkpapdfqcistvh.supabase.co/storage/v1/object/public/menu-images/1756728248330-h7a0qujgp7.jpg', '2025-09-01 12:04:11.962716+00', '2026-02-07 06:24:47.319036+00', 'true', '8', 'size'), ('4481609f-b29f-47a7-970b-191a25cef652', 'SAMYANG BULDAK CHEESE', 'Fiery spicy noodles blended with creamy cheese sauce — a perfect balance of heat and cheesy goodness in every bite.', '125.00', 'diy-korean-ramen', 'false', 'https://xnnracrkpapdfqcistvh.supabase.co/storage/v1/object/public/menu-images/1756733082854-9d4u3hbp0wt.webp', '2025-09-01 13:24:48.132505+00', '2026-01-08 13:06:47.625214+00', 'true', '100', 'size'), ('459e33a7-08af-47d5-9e05-0bbb313fa769', 'ICED IRISH CREAM', 'A velvety latte infused with the rich, creamy flavors of Irish cream, combining espresso and milk for a warm, indulgent treat with a hint of sweet sophistication.', '160.00', 'iced-coffee', 'false', 'https://xnnracrkpapdfqcistvh.supabase.co/storage/v1/object/public/menu-images/1756725218269-qa2yvp98lk.jpg', '2025-09-01 11:13:41.464253+00', '2026-02-12 16:06:55.416126+00', 'true', '9', 'size'), ('459f52ca-8892-4fd4-84e2-f0567061c986', 'HOT CHOCO', 'A warm, velvety cup of comfort made with premium cocoa, steamed milk, and just the right touch of sweetness. Our Hot Chocolate is smooth, creamy, and indulgent—perfect for chilly days or whenever you need a soothing, chocolaty hug in a cup', '150.00', 'hot-coffee', 'false', 'https://xnnracrkpapdfqcistvh.supabase.co/storage/v1/object/public/menu-images/1764241953706-lh42dtbox8q.jpeg', '2025-11-27 11:13:01.975159+00', '2026-02-12 16:52:34.916787+00', 'true', '8', 'size'), ('4612c1b4-1ad3-4e4d-8646-7d889d8f1140', 'CLASSIC LEMONADE PITCHER', 'A refreshing blend of freshly squeezed lemon juice, chilled water, and a delicate pinch of Himalayan pink salt—perfectly balanced to quench thirst, restore electrolytes, and awaken the palate.', '150.00', 'non-coffee', 'true', 'https://xnnracrkpapdfqcistvh.supabase.co/storage/v1/object/public/menu-images/1768123906223-oeri7egtxid.jpeg', '2026-01-11 09:32:14.059196+00', '2026-02-11 03:17:21.708924+00', 'true', '2', 'size'), ('4614d834-a09a-4a5c-96fe-06c0db14fca9', 'NONGSHIM BEEF BULGOGI', 'A savory and tender beef bulgogi-flavored noodle soup with rich, authentic Korean taste — hearty, comforting, and full of bold flavors.', '110.00', 'diy-korean-ramen', 'false', 'https://xnnracrkpapdfqcistvh.supabase.co/storage/v1/object/public/menu-images/1756732949973-ajd70hev8wh.webp', '2025-09-01 13:22:37.440964+00', '2026-02-06 03:49:52.563585+00', 'false', '97', 'size'), ('465292c2-5907-4f63-bfe7-6c169103e4ef', 'TLC BURGER', 'A flavorful burger stacked with juicy beef patty, fresh tomato, crisp lettuce, melted cheese, and our special tangy coleslaw — a perfect balance of textures and tastes.', '80.00', 'other-snacks', 'true', 'https://xnnracrkpapdfqcistvh.supabase.co/storage/v1/object/public/menu-images/1771141314783-liyp6u3xn3.jpeg', '2025-08-30 06:54:52.977917+00', '2026-02-16 06:03:16.703115+00', 'true', '7', 'size'), ('46553085-da91-409f-8a08-3d77fc41d697', 'CHICKEN WINGS ALA CARTE', 'Crispy, juicy chicken wings fried to golden perfection and coated in your choice of our rich, flavorful signature sauces. Perfectly saucy, tender inside, and irresistibly satisfying — great for sharing or solo cravings.', '350.00', 'ala-carte', 'false', 'https://xnnracrkpapdfqcistvh.supabase.co/storage/v1/object/public/menu-images/1770441367740-y3djtsytmog.jpeg', '2026-02-07 04:45:58.839164+00', '2026-02-25 01:46:31.825734+00', 'true', '2', 'size'), ('490c8423-9809-417d-a13d-357e7e752bc4', 'VANILLA BANANA YOGURT FRAPPE', 'A creamy blend of ripe bananas, smooth vanilla, and tangy yogurt—perfectly balanced, lightly sweet, and irresistibly refreshing.', '190.00', 'frappe-and-shakes', 'false', 'https://xnnracrkpapdfqcistvh.supabase.co/storage/v1/object/public/menu-images/1767348606304-4obllocrh3e.jpeg', '2026-01-02 10:10:22.89638+00', '2026-02-10 06:13:01.410039+00', 'true', '3', 'size'), ('4a99add4-243c-429f-a147-f927679f0bd0', 'PISTACHIO ALMOND FRAPPE', 'A rich and nutty blend of creamy pistachio and roasted almond, perfectly chilled and whipped into a smooth, velvety frappe. Topped with a swirl of whipped cream and a sprinkle of crushed nuts', '180.00', 'frappe-and-shakes', 'true', 'https://xnnracrkpapdfqcistvh.supabase.co/storage/v1/object/public/menu-images/1763645667926-3mv7x8i8cw8.jpeg', '2025-09-01 11:41:00.794938+00', '2026-02-10 06:13:04.073334+00', 'true', '13', 'size'), ('4dace23f-aa0a-406f-89f1-1950b1cb1356', 'OTTOGI CHEESE STIR FRY SPICY', 'A flavorful stir-fry with tender noodles coated in a spicy, cheesy sauce — creamy heat and bold taste in every bite.', '95.00', 'diy-korean-ramen', 'false', 'https://xnnracrkpapdfqcistvh.supabase.co/storage/v1/object/public/menu-images/1756732902971-6fgdlu8nz0j.webp', '2025-09-01 13:21:45.083391+00', '2026-01-08 13:06:47.625214+00', 'true', '96', 'size'), ('4dce48e6-1c4c-4364-86c9-5dceecfa0794', 'SAMYANG BULDAK CREAM CARBONARA', 'A rich and creamy fusion of spicy Samyang noodles with smooth carbonara sauce — delivering bold heat with a luscious, velvety finish.', '125.00', 'diy-korean-ramen', 'false', 'https://xnnracrkpapdfqcistvh.supabase.co/storage/v1/object/public/menu-images/1756733119670-du853gaa3eo.webp', '2025-09-01 13:25:22.977163+00', '2026-01-08 13:06:47.625214+00', 'true', '101', 'size'), ('5065110b-0db0-4297-8568-8b8983d3f671', 'BEEF TAPA ALA CARTE', 'Tender slices of marinated beef, pan-fried to perfection with a rich, savory-sweet flavor. A Filipino classic that’s perfect as a viand or standalone dish!', '340.00', 'ala-carte', 'true', 'https://xnnracrkpapdfqcistvh.supabase.co/storage/v1/object/public/menu-images/1756730775721-2zk7st16zlq.jpg', '2025-08-30 06:28:52.88216+00', '2026-02-07 08:46:22.449969+00', 'true', '7', 'size'), ('52a2bffe-7e23-4d70-a5e8-3deb05132e2d', 'MIXED VEGIES FOR SIDE DISH', 'Perfect as side dish.', '25.00', 'add-ons', 'false', 'https://xnnracrkpapdfqcistvh.supabase.co/storage/v1/object/public/menu-images/1756734351793-fw03y9qwkwq.jpg', '2025-08-30 07:03:53.272314+00', '2026-01-08 13:06:47.625214+00', 'true', '47', 'size'), ('52f3d7d2-c47c-4a81-b7bb-d4c34869d13a', 'STEUARTS GREEN TEA JASMINE', 'A delicate fusion of smooth green tea and the enchanting fragrance of jasmine blossoms. Light and floral with a gentle sweetness, it offers a calming and refreshing cup that soothes the senses and uplifts the spirit.', '60.00', 'premium-hot-tea', 'false', 'https://xnnracrkpapdfqcistvh.supabase.co/storage/v1/object/public/menu-images/1759306650686-0h9mjpuz3h8w.jpeg', '2025-10-01 08:17:54.086841+00', '2026-01-08 13:06:47.625214+00', 'true', '121', 'size'), ('55afce32-37a4-4360-8296-e6902f1c4c5e', 'ICED CLASSIC MATCHA', 'Balanced and bold, this green tea classic delivers clean energy & vibrant flavor', '160.00', 'matcha-special', 'true', 'https://xnnracrkpapdfqcistvh.supabase.co/storage/v1/object/public/menu-images/1771597207084-rzfk575ls6e.jpeg', '2025-09-05 09:45:42.578663+00', '2026-02-20 14:21:44.137183+00', 'true', '108', 'size'), ('55c44092-ea50-4cec-8f6a-b6ee34bec4b2', 'SAMYANG BULDAK ROSE', 'A creamy and spicy noodle dish blending Samyang’s signature heat with a rich, tangy rose sauce — smooth, flavorful, and perfectly balanced.', '125.00', 'diy-korean-ramen', 'false', 'https://xnnracrkpapdfqcistvh.supabase.co/storage/v1/object/public/menu-images/1756733279111-uss42vd8o3f.webp', '2025-09-01 13:28:18.924625+00', '2026-01-29 13:04:11.933686+00', 'true', '103', 'size'), ('56568a3a-938b-406b-b1ae-915359128997', 'PORK TOCINO', 'Sweet and savory marinated pork tocino, perfectly cooked for tender, flavorful bites. Served with steamed rice and fresh seasonal vegetables for a satisfying, classic Filipino meal!', '160.00', 'food', 'false', 'https://xnnracrkpapdfqcistvh.supabase.co/storage/v1/object/public/menu-images/1756729299778-prg6n37otx.jpg', '2025-09-01 12:21:43.533958+00', '2026-02-15 05:53:53.715404+00', 'true', '18', 'size'), ('56e9d0b4-66ac-4084-b94c-1e0dd10a36f2', 'PORK SISIG', 'Sizzling chopped pork seasoned with tangy calamansi, onions, and chili, served hot for a flavorful and satisfying Filipino classic.', '190.00', 'food', 'true', 'https://xnnracrkpapdfqcistvh.supabase.co/storage/v1/object/public/menu-images/1756728500400-n69t77vmi1d.jpg', '2025-09-01 12:08:24.351054+00', '2026-02-07 06:24:47.594215+00', 'true', '10', 'size'), ('58f110d6-f119-4724-aa64-30c9210796dc', 'RICE -PLATTER', 'Jasmine Rice Perfectly steamed.', '90.00', 'ala-carte', 'false', 'https://xnnracrkpapdfqcistvh.supabase.co/storage/v1/object/public/menu-images/1756731076673-e12xqqv3wy.jpg', '2025-08-30 06:37:58.106024+00', '2026-02-07 08:46:22.692466+00', 'true', '9', 'size'), ('59c00370-28c2-40e2-a6ef-9e81f48b7c35', 'CINNAMON ROLL PLAIN', 'Soft and fluffy cinnamon roll topped with a rich, velvety cream cheese frosting. Simple yet indulgent — perfect for those who love just the right touch of sweetness.', '100.00', 'cinnamon-roll', 'false', 'https://xnnracrkpapdfqcistvh.supabase.co/storage/v1/object/public/menu-images/1756716564341-fdkvb3a0p9c.jpg', '2025-08-30 06:51:01.47535+00', '2026-01-29 07:41:51.966207+00', 'false', '1', 'size'), ('5b3dbb95-8917-4b10-8829-d6c12dc59aa1', 'HOT MATCHA LATTE', 'A smooth and creamy blend of premium Japanese matcha green tea and steamed milk, lightly sweetened for a comforting balance of earthy and velvety flavors.', '170.00', 'matcha-special', 'false', 'https://xnnracrkpapdfqcistvh.supabase.co/storage/v1/object/public/menu-images/1757147987826-bmrhfe97ksr.jpg', '2025-09-06 08:40:03.725721+00', '2026-01-08 13:06:47.625214+00', 'true', '111', 'size'), ('5d278b2f-487c-4c84-b48b-54d6873dedcc', 'OTTOGI CHEESE RAMEN SPICY', 'A rich and spicy bowl of Ottogi ramen with melted cheese, fiery broth, and tender noodles — a bold and creamy flavor combo that packs a punch.', '125.00', 'diy-korean-ramen', 'false', 'https://xnnracrkpapdfqcistvh.supabase.co/storage/v1/object/public/menu-images/1756732854695-21vjr8d53ay.webp', '2025-09-01 13:20:56.853494+00', '2026-02-07 10:51:16.840466+00', 'true', '95', 'size'), ('5e529b99-b0e5-4694-a502-029a72204978', 'ICED SPANISH LATTE', 'A creamy blend of espresso and milk sweetened with condensed milk for a rich, smooth flavor', '160.00', 'iced-coffee', 'true', 'https://xnnracrkpapdfqcistvh.supabase.co/storage/v1/object/public/menu-images/1756723849907-s0gdidjvxh.jpg', '2025-09-01 10:50:53.400318+00', '2026-02-12 15:13:39.445376+00', 'true', '2', 'size'), ('613b3790-f839-48a3-873d-ac6be86550b1', 'FULL CREAM MILK (ADD-ON)', 'A perfect add-on for your ramen.', '20.00', 'add-ons', 'false', 'https://xnnracrkpapdfqcistvh.supabase.co/storage/v1/object/public/menu-images/1756733720423-9zu4vki7s1v.jpg', '2025-08-30 07:01:13.164697+00', '2026-01-08 13:06:47.625214+00', 'true', '44', 'size'), ('62a7af62-5da3-46c3-b3d4-f0e0e60eb198', 'ICED BUTTERSCOTCH', 'A luscious blend of rich espresso, creamy milk, and sweet butterscotch syrup, delivering warm caramel notes with every comforting sip.', '160.00', 'iced-coffee', 'false', 'https://xnnracrkpapdfqcistvh.supabase.co/storage/v1/object/public/menu-images/1756725064574-j2iqb1pkok.jpg', '2025-09-01 11:11:07.546855+00', '2026-02-12 16:02:53.700208+00', 'true', '8', 'size'), ('63c0cfbf-6622-4bf9-8a28-0799b2d6ec2b', 'SWEET & SOUR CHICKEN POP ALA CARTE', 'Crispy bite-sized chicken pops tossed in our signature sweet and sour glaze — perfectly balanced with tangy, savory, and lightly sweet flavors. Finished with a sprinkle of sesame seeds for extra aroma and crunch. Addictively saucy, crispy, and satisfying in every bite. Perfect for sharing or solo cravings!', '360.00', 'ala-carte', 'false', 'https://xnnracrkpapdfqcistvh.supabase.co/storage/v1/object/public/menu-images/1770433957481-qcc9165uu2k.jpeg', '2026-02-07 03:15:25.003601+00', '2026-02-16 07:05:26.711942+00', 'true', '4', 'size'), ('64f870e1-449c-4bff-aaa4-2eeff4c4ef64', 'BACK RIBS', 'Tender, slow-cooked back ribs glazed with our signature sauce, served with a side of crisp, seasonal vegetables. A hearty and flavorful meal made to satisfy!', '320.00', 'food', 'true', 'https://xnnracrkpapdfqcistvh.supabase.co/storage/v1/object/public/menu-images/1756728044047-qagt51jd1a.jpg', '2025-09-01 12:01:00.080569+00', '2026-02-12 09:53:31.676787+00', 'true', '4', 'size'), ('66f67491-ad9c-41b8-84f3-6de01ec458cb', 'ICED DIRTY MATCHA', 'A rich and creamy matcha latte topped with a shot of bold espresso — a perfect blend of earthy green tea and smooth coffee flavors.', '210.00', 'matcha-special', 'true', 'https://xnnracrkpapdfqcistvh.supabase.co/storage/v1/object/public/menu-images/1757067076120-dwix7rbkzd5.jpeg', '2025-09-05 09:56:44.813612+00', '2026-02-09 11:06:41.508285+00', 'true', '110', 'size'), ('67387803-23d3-4de6-9145-03a8a23db288', 'HOT AMERICANO', 'A smooth and bold espresso drink mellowed with hot water, creating a rich, full-bodied cup with a clean finish. Simple, classic, and satisfying—perfect for those who enjoy the pure essence of coffee.', '110.00', 'hot-coffee', 'false', 'https://xnnracrkpapdfqcistvh.supabase.co/storage/v1/object/public/menu-images/1759560267819-d5cxooqmkwc.jpeg', '2025-09-01 10:10:11.083075+00', '2026-02-12 16:38:47.370106+00', 'true', '1', 'size'), ('6a72f521-a317-427c-825d-b9e9ebb5d1b4', 'ICED PISTACHIO LATTE  ', 'A refreshing blend of bold espresso, chilled milk, and real pistachio cream—bringing out a naturally smooth, nutty flavor in every sip. Served over ice for a cool, elegant twist on your everyday latte', '210.00', 'iced-coffee', 'true', 'https://xnnracrkpapdfqcistvh.supabase.co/storage/v1/object/public/menu-images/1756723634105-8cqwa9605p.jpg', '2025-09-01 10:47:18.045526+00', '2026-02-12 15:37:32.083275+00', 'true', '4', 'size'), ('6d1aa4c3-d7a5-437e-9860-8da482c97a94', 'PORK LECHON KAWALI MEAL', 'Crispy, golden-brown pork belly—deep-fried to perfection for that irresistible crunch and juicy tenderness. Served with steamed rice, a perfectly cooked egg, and a side of fresh sautéed vegetables. ', '190.00', 'food', 'true', 'https://xnnracrkpapdfqcistvh.supabase.co/storage/v1/object/public/menu-images/1756713798801-nw05z93vo8r.jpg', '2025-08-30 06:23:31.895294+00', '2026-02-14 17:57:03.991597+00', 'true', '5', 'size'), ('6d33da59-7513-4c69-9aee-446a9d3d3ac7', 'QUICK MELT CHEESE (ADD-ON)', 'A Perfect add-on for Korean Ramen', '15.00', 'add-ons', 'false', 'https://xnnracrkpapdfqcistvh.supabase.co/storage/v1/object/public/menu-images/1756634348176-co7r6zsxzmh.jpeg', '2025-08-30 06:59:13.624877+00', '2026-01-08 13:06:47.625214+00', 'true', '41', 'size'), ('7084ac2b-0bdf-4355-a480-05dc85c00b43', 'JIN RAMEN MILD', 'A comforting bowl of Jin Ramen with a mild, savory broth and tender noodles — perfect for those who enjoy a gentle, flavorful spice.', '70.00', 'diy-korean-ramen', 'false', 'https://xnnracrkpapdfqcistvh.supabase.co/storage/v1/object/public/menu-images/1756732620209-p7y3shj5k2.jpg', '2025-09-01 13:17:06.407765+00', '2026-01-08 13:06:47.625214+00', 'true', '92', 'size'), ('70a46cf4-db19-4355-82c3-651b7036aceb', 'COOKIES AND CREAM', 'A creamy, icy blend of crushed cookies and velvety milk—topped with whipped cream and cookie crumbles for that classic cookies & cream goodness in every sip.', '180.00', 'frappe-and-shakes', 'true', 'https://xnnracrkpapdfqcistvh.supabase.co/storage/v1/object/public/menu-images/1770299673547-t0t161zpc2b.jpeg', '2025-09-01 11:34:58.481174+00', '2026-02-15 12:10:08.319803+00', 'true', '10', 'size'), ('753f70a7-3743-4266-933f-2ca4c0dc78b0', 'BACON', 'Crispy bacon strips served alongside a colorful mix of sautéed vegetables, creating a hearty and balanced plate that’s both savory and satisfying.', '170.00', 'food', 'false', 'https://xnnracrkpapdfqcistvh.supabase.co/storage/v1/object/public/menu-images/1759134218698-uuba40syvna.png', '2025-09-29 08:20:00.612916+00', '2026-02-07 06:24:49.069422+00', 'true', '21', 'size'), ('75e43ff9-c3dc-43c8-a354-f1c0de42efdb', 'STEUARTS APPLE TEA', 'A delightful infusion that combines the gentle sweetness of ripe apples with the warmth of fine tea. Light, fruity, and naturally refreshing, it offers a crisp flavor with a hint of tartness—perfect for sipping hot on cozy days', '60.00', 'premium-hot-tea', 'false', 'https://xnnracrkpapdfqcistvh.supabase.co/storage/v1/object/public/menu-images/1759312380461-cejnfrk20vg.jpeg', '2025-10-01 08:01:55.267061+00', '2026-01-08 13:06:47.625214+00', 'true', '119', 'size'), ('7891c01a-69c7-4187-b750-144ff5e97e91', 'CHICKEN POPS', 'Bite-sized crispy fried chicken pops served with steamed rice and fresh seasonal vegetables. A perfect combo for a tasty, easy-to-enjoy meal!', '180.00', 'food', 'false', 'https://xnnracrkpapdfqcistvh.supabase.co/storage/v1/object/public/menu-images/1770889566102-j8cup4pdny.png', '2025-09-01 12:15:46.016002+00', '2026-02-25 01:49:21.544008+00', 'true', '14', 'size'), ('7bfbb4c0-a5f2-4c80-8a5e-b2d036f45f05', 'SLICED SPAM (ADD-ON)', 'A perfect add-on for your Ramen ', '15.00', 'add-ons', 'false', 'https://xnnracrkpapdfqcistvh.supabase.co/storage/v1/object/public/menu-images/1756734545804-amfn56hs244.jpg', '2025-08-30 07:00:36.192732+00', '2026-01-08 13:06:47.625214+00', 'true', '43', 'size'), ('7cad399b-da93-4690-b71d-7c95002cf366', 'NONGSHIM CHAPAGETTI', 'A Korean classic! Chewy noodles tossed in a rich and savory black bean sauce with hints of sweetness and roasted flavor. Comforting, flavorful, and satisfying—perfect for when you crave authentic jjajangmyeon taste in an instant.', '110.00', 'diy-korean-ramen', 'false', 'https://xnnracrkpapdfqcistvh.supabase.co/storage/v1/object/public/menu-images/1758363592127-l4mxmu09isl.jpeg', '2025-09-20 10:20:14.795302+00', '2026-01-24 09:14:12.58193+00', 'false', '113', 'size'), ('7ee8a996-01fd-4a5b-a6f9-44abf54650a5', 'BIBIGO SEASONED SEAWEED', 'Crispy, savory seaweed sheets lightly seasoned for a delicious umami snack — perfect on its own or as a tasty side.', '38.00', 'add-ons', 'false', 'https://xnnracrkpapdfqcistvh.supabase.co/storage/v1/object/public/menu-images/1756634420181-zimlnjiqvmb.png', '2025-08-30 06:59:41.353442+00', '2026-01-08 13:06:47.625214+00', 'true', '42', 'size'), ('820a282c-ad8d-417c-ae62-c93d6d165300', 'BISCOFF LUXE FRAPPE', 'A creamy blend of caramelized Biscoff cookies, crushed ice, and velvety milk — topped with whipped cream, a whole Biscoff cookie, and a generous drizzle of Biscoff sauce for that perfect spiced sweet', '195.00', 'frappe-and-shakes', 'true', 'https://xnnracrkpapdfqcistvh.supabase.co/storage/v1/object/public/menu-images/1756726978036-0vpj21n7doaj.jpg', '2025-09-01 11:43:14.269278+00', '2026-02-15 12:16:19.245816+00', 'true', '14', 'size'), ('82951005-865c-4b38-9d28-322dfe6a55aa', 'CREAMY STRAWBERRY SHAKE', 'A luscious blend of fresh strawberries and rich cream, whipped to silky perfection for a refreshingly sweet and smooth treat.', '130.00', 'frappe-and-shakes', 'true', 'https://xnnracrkpapdfqcistvh.supabase.co/storage/v1/object/public/menu-images/1763645556787-jqf4gfw408.jpeg', '2025-09-01 11:25:36.586362+00', '2026-02-10 06:13:02.476957+00', 'true', '6', 'size'), ('830b18e6-9ac8-4346-aac4-7ceff9956d57', 'MIDNIGHT TABLEA FRAPPE', 'A rich, velvety chocolate frappe made from pure local tablea "D''KOKWA", blended thick and icy for that deep, authentic cocoa flavor. Topped with a piece of our homemade chocolate bar for an extra indulgent bite, this proudly local creation delivers bold, bittersweet goodness in every sip — dark, smooth, and satisfyingly decadent.', '160.00', 'frappe-and-shakes', 'true', 'https://xnnracrkpapdfqcistvh.supabase.co/storage/v1/object/public/menu-images/1770702946724-ycsml9rgxci.jpg', '2026-02-10 06:04:24.921143+00', '2026-02-15 12:05:37.164018+00', 'true', '2', 'size'), ('8434bb92-4e3d-4df6-9d8e-60453a0746a8', 'CINNAMON ROLL COOKIES AND CREAM', 'A fluffy cinnamon roll stuffed with crushed chocolate cookies, topped with velvety cream cheese frosting and a generous crumble of cookies and cream — indulgence in every swirl.', '130.00', 'cinnamon-roll', 'true', 'https://xnnracrkpapdfqcistvh.supabase.co/storage/v1/object/public/menu-images/1756716241863-1scbh0znu1f.jpg', '2025-08-30 06:52:09.264525+00', '2026-02-01 12:00:35.378433+00', 'false', '4', 'size'), ('845f2246-cc12-4677-a44a-6365458037e9', 'NUTELLA ALCAPONE', 'A warm, crispy croffle generously layered with Nutella and topped with fluffy whipped cream and crunchy sliced almonds — a perfect blend of smooth and nutty flavors.', '130.00', 'croffles', 'true', 'https://xnnracrkpapdfqcistvh.supabase.co/storage/v1/object/public/menu-images/1756714791795-zc46vaia1zb.jpg', '2025-08-30 06:47:37.424928+00', '2026-01-08 13:06:47.625214+00', 'true', '24', 'size'), ('8664688a-1bd1-4201-b7e4-9e2f5ad711f3', 'EXTRA SAUCE FOR CHICKEN POPS', 'Signature sauce perfect for your chicken pops.', '30.00', 'add-ons', 'false', 'https://xnnracrkpapdfqcistvh.supabase.co/storage/v1/object/public/menu-images/1756734458469-md8hz20k4j8.jpg', '2025-08-30 07:05:21.778278+00', '2026-01-08 13:06:47.625214+00', 'true', '48', 'size'), ('86ab0b85-e351-4d9e-9ad9-0f1adafab4cc', 'MIDNIGHT TABLEA LATTE', 'A deep, soulful blend of pure Philippine tablea, "D''KOKWA" and steamed milk, crafted into a velvety latte with rich cacao notes and gentle sweetness. Dark, comforting, and smooth—this cup delivers bold chocolate depth softened by creamy foam, perfect for slow nights, quiet conversations, or moments of calm. A warm embrace in every sip, best enjoyed when the world slows down.', '150.00', 'hot-coffee', 'true', 'https://xnnracrkpapdfqcistvh.supabase.co/storage/v1/object/public/menu-images/1770700571962-zo8vw7wjb7p.jpg', '2026-02-10 04:41:59.966865+00', '2026-02-10 06:08:37.35191+00', 'true', '3', 'size'), ('894652d5-829f-4cac-b867-6335e3b432d8', 'HOT CARAMEL MACCHIATO', 'Our Caramel Macchiato features bold espresso poured over creamy milk and crowned with buttery caramel for a perfect balance of sweet and strong', '160.00', 'hot-coffee', 'false', 'https://xnnracrkpapdfqcistvh.supabase.co/storage/v1/object/public/menu-images/1756723333584-iu14wmxiusg.jpg', '2025-09-01 10:42:16.872664+00', '2026-02-12 16:47:58.42494+00', 'true', '6', 'size'), ('8a8d429b-1628-407e-8d49-97f86d345150', 'AILESI HEART CHOCOLATE Small', 'An elegant heart-shaped box filled with premium gold-wrapped chocolates, beautifully arranged for a luxurious treat. Rich, smooth, and irresistibly indulgent — perfect for gifting, sharing, or celebrating sweet moments with someone special. ', '75.00', 'valentine-presents', 'true', 'https://xnnracrkpapdfqcistvh.supabase.co/storage/v1/object/public/menu-images/1770992984363-0fvn66jwyxoe.jpeg', '2026-02-13 14:29:58.90858+00', '2026-02-13 14:29:58.90858+00', 'true', '131', 'size'), ('8a961f61-3cb8-4549-805e-629b22d009e2', 'PASSION FRUIT SODA', 'A refreshing blend of bright passion fruit extract and sparkling soda, finished with a hint of citrus and lots of ice. Light, sweet, and tropical.', '120.00', 'soda-splash', 'true', 'https://xnnracrkpapdfqcistvh.supabase.co/storage/v1/object/public/menu-images/1762266016288-gcywc7ptf0b.jpeg', '2025-11-04 11:36:32.042394+00', '2026-02-09 11:12:01.97775+00', 'true', '125', 'size'), ('8ab6c0c1-0fab-4a80-a035-a06289ff72c2', 'CLASSIC LEMONADE', 'A refreshing blend of freshly squeezed lemon juice, chilled water, and a delicate pinch of Himalayan pink salt—perfectly balanced to quench thirst, restore electrolytes, and awaken the palate.', '40.00', 'non-coffee', 'true', 'https://xnnracrkpapdfqcistvh.supabase.co/storage/v1/object/public/menu-images/1768122988483-w0g2r56ou2.png', '2026-01-11 09:18:55.770339+00', '2026-02-11 03:16:59.661797+00', 'true', '1', 'size'), ('8babf413-19ed-4fae-bc86-2ab56385e940', 'ICED SALTED CARAMEL', 'A perfect blend of bold espresso and creamy milk, sweetened with buttery caramel and finished with a touch of sea salt for a rich, balanced flavor experience.', '160.00', 'iced-coffee', 'false', 'https://xnnracrkpapdfqcistvh.supabase.co/storage/v1/object/public/menu-images/1756725386731-lsvm0b6uo8.jpg', '2025-09-01 11:16:30.184221+00', '2026-02-12 15:59:01.339947+00', 'true', '7', 'size'), ('8d715d66-c581-4e41-aacb-64a39d9b39ce', 'OTTOGI CHEESE RAMEN', 'A creamy and comforting bowl of Ottogi ramen with melted cheese, savory broth, and tender noodles — the perfect cheesy twist on a classic favorite.', '125.00', 'diy-korean-ramen', 'false', 'https://xnnracrkpapdfqcistvh.supabase.co/storage/v1/object/public/menu-images/1756732802864-agbod2tlrqj.webp', '2025-09-01 13:20:05.891304+00', '2026-02-25 12:04:47.028148+00', 'false', '94', 'size'), ('8d77733b-4d65-4237-8dd0-2edb9ac882a9', 'NUTELLA BANANA CROFFLE', 'A crispy croffle topped with smooth Nutella and fresh banana slices — a comforting combo of chocolatey richness and fruity sweetness.', '130.00', 'croffles', 'false', 'https://xnnracrkpapdfqcistvh.supabase.co/storage/v1/object/public/menu-images/1756714864427-bjkq3m96cdw.jpg', '2025-08-30 06:50:09.109264+00', '2026-01-08 13:06:47.625214+00', 'true', '26', 'size'), ('8d980074-a7ca-4fbc-82f1-2da1fa1d6fc3', 'COOKIES & CREAM CROFFLE OVERLOAD', 'A golden croffle topped with crushed Oreo cookies, velvety cookies & cream sauce, and a light soft cream— a decadent twist on a classic favorite.', '135.00', 'croffles', 'false', 'https://xnnracrkpapdfqcistvh.supabase.co/storage/v1/object/public/menu-images/1756714749439-a79m7q3x33.jpg', '2025-08-30 06:47:13.394154+00', '2026-01-08 13:06:47.625214+00', 'true', '23', 'size'), ('8e33b883-afe5-4130-bc36-74c61a31ba4a', 'HOT SPANISH LATTE', 'A creamy blend of espresso and milk sweetened with condensed milk for a rich, smooth flavor', '160.00', 'hot-coffee', 'false', 'https://xnnracrkpapdfqcistvh.supabase.co/storage/v1/object/public/menu-images/1756721891953-psg3eqzhbgk.jpg', '2025-09-01 10:18:18.258687+00', '2026-02-12 16:42:33.802521+00', 'true', '5', 'size'), ('90f06039-bce1-429a-8b18-2765dfdde5a5', 'JIN RAMEN SPICY', 'A bold and fiery bowl of Jin Ramen with a rich, spicy broth and chewy noodles — perfect for those craving a flavorful kick.', '70.00', 'diy-korean-ramen', 'false', 'https://xnnracrkpapdfqcistvh.supabase.co/storage/v1/object/public/menu-images/1756732700947-m008xcgnzk.webp', '2025-09-01 13:19:00.859848+00', '2026-01-08 13:06:47.625214+00', 'true', '93', 'size'), ('91b963be-b40f-4a58-aac2-dec6a24a5e64', 'BISCOFF CHEESECAKE', 'A rich and creamy cheesecake made with luscious cream cheese and a buttery Biscoff cookie crust, topped with a smooth layer of Biscoff spread and crushed cookie crumbles. A sweet, spiced treat in ever', '180.00', 'cakes', 'false', 'https://xnnracrkpapdfqcistvh.supabase.co/storage/v1/object/public/menu-images/1756732125736-1uhrvofdrhl.jpg', '2025-08-30 06:44:11.474568+00', '2026-02-18 11:17:19.30474+00', 'false', '3', 'size'), ('91f4d2be-a18e-4af1-a094-50498eae0691', 'CHICKEN BURGER WITH FRIES', 'A juicy fried chicken patty served in a soft bun with fresh veggies, paired with crispy golden fries — a classic and satisfying meal.', '130.00', 'other-snacks', 'true', 'https://xnnracrkpapdfqcistvh.supabase.co/storage/v1/object/public/menu-images/1771141593810-dsg9yacjssg.jpeg', '2025-08-30 06:55:14.808802+00', '2026-02-16 07:08:04.423874+00', 'true', '8', 'size'), ('953f2d62-da98-4dde-80e8-26fe512c2789', 'AILESI HEART CHOCOLATE Large', 'An elegant heart-shaped box filled with premium gold-wrapped chocolates, beautifully arranged for a luxurious treat. Rich, smooth, and irresistibly indulgent — perfect for gifting, sharing, or celebrating sweet moments with someone special. ', '185.00', 'valentine-presents', 'true', 'https://xnnracrkpapdfqcistvh.supabase.co/storage/v1/object/public/menu-images/1770992294895-zc2dg9otrz.jpeg', '2026-02-13 14:18:23.671891+00', '2026-02-14 06:45:18.986967+00', 'true', '129', 'size'), ('98cc6e58-d8e6-40ad-af74-06bf190d14d3', 'ESPRESSO SHOT', 'Concentrated coffee brewed under pressure - bold and intense', '40.00', 'hot-coffee', 'false', 'https://xnnracrkpapdfqcistvh.supabase.co/storage/v1/object/public/menu-images/1759559950270-lnuc78zdy5o.jpeg', '2025-09-01 07:07:38.061194+00', '2026-02-10 06:08:37.182842+00', 'true', '2', 'size'), ('98ccee79-133f-4b92-b518-033284114eb6', 'RICE (CUP)', 'Jasmine Rice Perfectly steamed.', '30.00', 'ala-carte', 'false', 'https://xnnracrkpapdfqcistvh.supabase.co/storage/v1/object/public/menu-images/1756731278788-2qw70gaj7ss.jpg', '2025-08-30 06:39:02.267328+00', '2026-02-07 08:46:22.865601+00', 'true', '10', 'size'), ('9d1a8cd0-9ffd-45aa-9ce0-caa3c8da033c', 'CINNAMON ROLL CHOCO ALMOND', 'A luscious cinnamon roll filled with chocolate goodness, topped with smooth chocolate glaze and a generous sprinkle of toasted almonds — a perfect balance of rich and nutty.', '130.00', 'cinnamon-roll', 'false', 'https://xnnracrkpapdfqcistvh.supabase.co/storage/v1/object/public/menu-images/1756715973228-m11kjo0goy.jpg', '2025-08-30 06:53:21.886631+00', '2026-02-01 08:32:39.715992+00', 'false', '6', 'size'), ('9d314fc5-014b-4f4e-99dc-65c2576ecdb5', 'STEUARTS CINNAMON TEA', 'A comforting blend with the naturally sweet and spicy flavor of cinnamon. Smooth and aromatic, it offers a cozy warmth in every sip—perfect for relaxation, boosting energy, or pairing with desserts.', '60.00', 'premium-hot-tea', 'false', 'https://xnnracrkpapdfqcistvh.supabase.co/storage/v1/object/public/menu-images/1759307214540-8xdlayjde7r.jpeg', '2025-10-01 08:27:21.294744+00', '2026-01-08 13:06:47.625214+00', 'true', '122', 'size'), ('9e550fdb-0f97-4557-8e13-11c9bfb2e566', 'STRAWBERRY BLISS YOGURT', 'A refreshing blend of creamy yogurt and sweet strawberry purée, topped with real strawberry bits for that perfect balance of tang and natural sweetness. A delightful treat in every spoonful!', '190.00', 'frappe-and-shakes', 'true', 'https://xnnracrkpapdfqcistvh.supabase.co/storage/v1/object/public/menu-images/1770436450923-4cz8lg1n5tb.jpeg', '2025-09-01 11:27:32.230838+00', '2026-02-10 06:13:02.696596+00', 'true', '7', 'size'), ('9e9c0d1f-f0cd-4412-ad59-534fee5aede9', 'YOPOKKI GOLDEN', 'Golden rice cakes coated in a savory sauce — a delightful twist on the classic chewy Korean snack', '135.00', 'diy-korean-ramen', 'false', 'https://xnnracrkpapdfqcistvh.supabase.co/storage/v1/object/public/menu-images/1756733535535-mxegl0i2zlc.webp', '2025-09-01 13:32:19.943927+00', '2026-01-08 13:06:47.625214+00', 'false', '106', 'size'), ('9fc761cd-64fd-4cf1-9d6e-dd718b3632fc', 'MAIZ CON YELO', 'Our Mais con Yelo is made with sweet golden corn, creamy milk, and finely crushed ice-then elevated with rich leche flan and tender sweetened bananas. A refreshing Filipino classic with a delightful twist in every scoop.', '120.00', 'frappe-and-shakes', 'true', 'https://xnnracrkpapdfqcistvh.supabase.co/storage/v1/object/public/menu-images/1763648197514-hh3forua2x.jpeg', '2025-09-01 11:19:35.020785+00', '2026-02-16 02:50:04.499338+00', 'true', '5', 'size'), ('a2a98f38-0052-48fa-9381-407dea15fff2', 'ICED CARAMEL MACCHIATO', 'Our Caramel Macchiato features bold espresso poured over creamy milk and crowned with buttery caramel for a perfect balance of sweet and strong', '160.00', 'iced-coffee', 'true', 'https://xnnracrkpapdfqcistvh.supabase.co/storage/v1/object/public/menu-images/1756724404357-tssqr9j2s7.jpg', '2025-09-01 11:00:51.859854+00', '2026-02-12 15:44:10.195876+00', 'true', '6', 'size'), ('a4150f7b-83ed-4929-9be8-6e30f743553d', 'RED FLAME CHORIZO MEAL', 'Flavor-packed, smoky chorizo bites cooked to perfection and served with fluffy steamed rice, a sunny-side egg, fresh greens, and mixed vegetables. A hearty, homestyle meal with the perfect balance of savory, juicy, and satisfying goodness in every bite — comfort food done the Beracah way.', '160.00', 'food', 'false', 'https://xnnracrkpapdfqcistvh.supabase.co/storage/v1/object/public/menu-images/1770445273642-ikvcp74hon.jpeg', '2026-02-07 06:21:32.549773+00', '2026-02-07 06:24:48.791205+00', 'true', '19', 'size'), ('a7abc513-5e5f-4937-ad71-8d620bc90cac', 'MELON ICE CREAM', 'A refreshing twist on a local favorite, this trending Melon Ice Cream from Bukidnon is served inside a real hollowed melon for a beautifully natural presentation. 🍈✨

Made from sweet, farm-fresh melons grown in the cool highlands, it offers a smooth, creamy texture with a light, fragrant melon flavor in every spoonful. Perfectly chilled and naturally sweet, it’s a delightful tropical treat that’s both Instagram-worthy and irresistibly delicious.', '215.00', 'other-snacks', 'false', 'https://xnnracrkpapdfqcistvh.supabase.co/storage/v1/object/public/menu-images/1771221696846-7vh92xuxonl.jpeg', '2026-02-16 06:01:45.294225+00', '2026-02-16 06:03:15.673379+00', 'true', '2', 'size'), ('a7d895ad-2e49-48e0-97a0-40f7e46e84e3', 'CINNAMON ROLL BISCOFF', 'A rich cinnamon roll layered with Biscoff cookie spread, drizzled with Biscoff sauce, and crowned with a crunchy Biscoff cookie — the perfect harmony of caramel spice and creamy delight.', '130.00', 'cinnamon-roll', 'true', 'https://xnnracrkpapdfqcistvh.supabase.co/storage/v1/object/public/menu-images/1756716314454-zbk2q6i8t1n.jpg', '2025-08-30 06:51:44.529315+00', '2026-02-01 08:32:48.146308+00', 'false', '2', 'size'), ('a8b45e37-b19d-4916-94a9-9d15a019b6cc', 'BLESSED HARVEST SALAD', 'A vibrant bowl of freshly picked lettuce topped with tender chicken, sweet mango cubes, sliced almonds, carrots, toasted wheat bread croutons, corn kernels, cheese, and perfectly boiled egg wedges — finished with our rich signature salad sauce for a fresh, hearty, and satisfying bite in every forkful.', '220.00', 'other-snacks', 'false', 'https://xnnracrkpapdfqcistvh.supabase.co/storage/v1/object/public/menu-images/1771756368869-9oclsxdg489.jpeg', '2026-02-07 08:10:07.549076+00', '2026-02-22 10:32:54.547617+00', 'true', '4', 'size'), ('a95548d4-e510-43b6-a64a-ca8438a145c4', 'STEUARTS PURE GREEN TEA', 'A light and refreshing tea made from carefully selected young tea leaves, gently steamed to preserve their natural goodness. It offers a smooth, grassy flavor with delicate floral notes and a clean finish. Naturally rich in antioxidants, this tea is perfect for a calming, healthy boost any time of the day.', '60.00', 'premium-hot-tea', 'false', 'https://xnnracrkpapdfqcistvh.supabase.co/storage/v1/object/public/menu-images/1759312504984-vm44s4tms4n.jpeg', '2025-10-01 07:42:32.441761+00', '2026-01-08 13:06:47.625214+00', 'true', '116', 'size'), ('a99445b9-2221-4b4a-ae76-e96bd10a6a6b', 'NUTELLA CROFFLE', 'Warm, crispy croffle drizzled generously with rich, creamy Nutella. A decadent treat that’s perfect for satisfying your chocolate and hazelnut cravings!', '120.00', 'croffles', 'false', 'https://xnnracrkpapdfqcistvh.supabase.co/storage/v1/object/public/menu-images/1756714670979-rpkczgwz0em.jpg', '2025-08-30 06:46:23.764733+00', '2026-01-08 13:06:47.625214+00', 'true', '21', 'size'), ('ab7535a9-2d76-4fc1-a037-3ebb02594235', 'CREAMY AVOCADO YOGURT FRAPPE', 'Made with ripe avocados and probiotic yogurt, this nourishing blend delivers a refreshing taste and a natural energy boost.', '195.00', 'frappe-and-shakes', 'true', 'https://xnnracrkpapdfqcistvh.supabase.co/storage/v1/object/public/menu-images/1765177773132-vvpit85aa3m.jpeg', '2025-12-08 06:58:20.017019+00', '2026-02-10 06:13:04.952976+00', 'false', '17', 'size'), ('abf247c4-412e-447a-b1b8-1a1d88d5274d', 'AILESI HEART CHOCOLATE Medium', 'An elegant heart-shaped box filled with premium gold-wrapped chocolates, beautifully arranged for a luxurious treat. Rich, smooth, and irresistibly indulgent — perfect for gifting, sharing, or celebrating sweet moments with someone special. ', '150.00', 'valentine-presents', 'true', 'https://xnnracrkpapdfqcistvh.supabase.co/storage/v1/object/public/menu-images/1770994071454-fhzcg9j9dk.jpeg', '2026-02-13 14:24:04.883117+00', '2026-02-14 06:45:34.877727+00', 'true', '130', 'size'), ('ae294eff-7952-4851-8d62-cb09395736ce', 'LYCHEE BLISS Glass', 'A delicately sweet and refreshing lychee cooler, infused with the gentle floral notes of real lychee and served ice-cold for ultimate refreshment. Finished with juicy lychee bits sinkers at the bottom, adding a delightful burst of flavor in every sip.', '45.00', 'non-coffee', 'false', 'https://xnnracrkpapdfqcistvh.supabase.co/storage/v1/object/public/menu-images/1772026105721-jdfqd7bidb.jpeg', '2026-02-25 09:24:48.163726+00', '2026-02-25 13:28:34.276728+00', 'true', '135', 'size'), ('af69adb2-b573-4563-bb47-e272d69a8c62', 'RED VELVET CAKE', 'Moist, tender red velvet cake layered with smooth, creamy cream cheese frosting. A timeless favorite that’s both rich and delightfully sweet!', '150.00', 'cakes', 'true', 'https://xnnracrkpapdfqcistvh.supabase.co/storage/v1/object/public/menu-images/1756731567235-hehkibo1x5.jpg', '2025-08-30 06:42:35.665967+00', '2026-02-22 08:34:08.921838+00', 'true', '6', 'size'), ('b7cda949-b525-4c49-802d-dc50253d9a49', 'GOLDEN HASH BROWN', 'A golden, crispy hash brown cooked to perfection—crunchy on the outside, soft and comforting on the inside. A simple yet satisfying classic that pairs beautifully with any breakfast or café drink.', '95.00', 'other-snacks', 'true', 'https://xnnracrkpapdfqcistvh.supabase.co/storage/v1/object/public/menu-images/1765344155547-z8go8gnx5nb.jpeg', '2025-08-30 06:54:29.946402+00', '2026-02-16 06:03:16.497656+00', 'true', '6', 'size'), ('b832ff1a-5d08-4b90-a15b-18ef80cb0d6c', 'ICED TOFFEE NUT LATTE', 'A smooth blend of espresso, creamy milk, and buttery toffee nut syrup poured over ice — creating a sweet, nutty indulgence with hints of caramel warmth and roasted nuts. Comforting and refreshing in every sip.', '160.00', 'iced-coffee', 'false', 'https://xnnracrkpapdfqcistvh.supabase.co/storage/v1/object/public/menu-images/1760593349272-rtzc3anckv.jpeg', '2025-10-16 05:38:01.425226+00', '2026-02-12 16:13:19.248304+00', 'true', '11', 'size'), ('b8732249-c8c3-43eb-952e-6a60812170e7', 'NACHOS', 'Crispy nachos served with a savory dipping sauce made from seasoned ground beef and ripe tomatoes — a flavorful and hearty snack.', '170.00', 'other-snacks', 'true', 'https://xnnracrkpapdfqcistvh.supabase.co/storage/v1/object/public/menu-images/1771141928362-w275ihcjqn.jpeg', '2025-08-30 06:55:49.204047+00', '2026-02-19 09:46:26.676463+00', 'true', '9', 'size'), ('bb259bc9-a0cf-4d23-aed1-9b16f7c39a2c', 'MIDNIGHT CHOCO CROISSANT ', 'Indulge in our buttery, flaky croissant generously topped with a rich layer of glossy dark chocolate. Baked to a perfect golden crisp on the outside, it reveals a smooth and irresistibly delicious chocolate cream filling inside. Every bite offers a delightful contrast of crisp layers and velvety sweetness — a true treat for chocolate lovers.', '200.00', 'cakes', 'false', 'https://xnnracrkpapdfqcistvh.supabase.co/storage/v1/object/public/menu-images/1771085785874-4282qer6gtj.jpeg', '2026-02-14 16:17:16.424783+00', '2026-02-21 09:00:12.278155+00', 'false', '133', 'size'), ('bc55ba82-389a-43fb-8ad9-ed2974016954', 'MACADEMIA SLUSH FRAPPE', 'A creamy, icy blend made with real nuts for a rich, nutty flavor and smooth texture. Refreshingly indulgent and naturally delicious—perfect for nut lovers!', '180.00', 'frappe-and-shakes', 'true', 'https://xnnracrkpapdfqcistvh.supabase.co/storage/v1/object/public/menu-images/1763648405921-uel06uyekym.jpeg', '2025-09-01 11:37:33.075823+00', '2026-02-15 12:12:09.312002+00', 'true', '11', 'size'), ('c0853126-16a5-4920-ba93-4e909c75e93a', 'SAMYANG BULDAK BLACK', 'Extra spicy black garlic-flavored noodles that deliver an intense kick with a deep, smoky sweetness — a fiery favorite for heat lovers.', '125.00', 'diy-korean-ramen', 'false', 'https://xnnracrkpapdfqcistvh.supabase.co/storage/v1/object/public/menu-images/1756732996092-01t5xcn5wxno.webp', '2025-09-01 13:23:21.323491+00', '2026-01-08 13:06:47.625214+00', 'true', '98', 'size'), ('c2de1dbb-274d-4fa2-9ac1-98b1ca532afd', ' HOT CAFE MOCHA', 'A classic blend of espresso, steamed milk, and chocolate for a sweet and bold coffee experience', '160.00', 'hot-coffee', 'false', 'https://xnnracrkpapdfqcistvh.supabase.co/storage/v1/object/public/menu-images/1756723164936-7xt17leaq78.jpg', '2025-09-01 10:39:30.814378+00', '2026-02-12 16:50:14.551491+00', 'true', '7', 'size'), ('c3fb0051-5795-45f8-8de3-7a3bb3391948', 'CUCUMBER LEMONADE PITCHER', 'A crisp, cooling blend of fresh cucumber and zesty lemonade. Light, revitalizing, and perfect for a refreshing twist on a classic favorite!', '150.00', 'non-coffee', 'false', 'https://xnnracrkpapdfqcistvh.supabase.co/storage/v1/object/public/menu-images/1756727776711-ea4wahj6pxm.jpg', '2025-09-01 11:51:19.559301+00', '2026-02-09 10:40:18.877139+00', 'true', '4', 'size'), ('c3fd0014-2687-4b0d-b885-6d6032e7c3d8', 'HUNGARIAN SAUSAGE', 'Savory, smoky Hungarian sausage grilled to perfection, served with steamed rice and fresh seasonal vegetables. A hearty and satisfying meal with a bold, spicy kick!', '160.00', 'food', 'false', 'https://xnnracrkpapdfqcistvh.supabase.co/storage/v1/object/public/menu-images/1756729383460-z04gqxgnce8.jpg', '2025-09-01 12:23:04.800558+00', '2026-02-12 07:23:33.885702+00', 'true', '17', 'size'), ('c80f284c-0055-4f18-97a4-92d1f7cbbd91', 'BACKRIBS ALA CARTE', 'Slow-cooked until fall-off-the-bone tender, glazed with our signature smoky-sweet barbecue sauce.', '580.00', 'ala-carte', 'true', 'https://xnnracrkpapdfqcistvh.supabase.co/storage/v1/object/public/menu-images/1770435250704-k5eyjmug6q.jpeg', '2025-08-30 06:33:44.070453+00', '2026-02-15 07:24:18.365963+00', 'true', '8', 'size'), ('ca127cb9-a0a5-408b-bd72-0df151392e25', 'CINNAMON ROLL CHOCO COOKIE', 'A rich, chocolate-infused cinnamon roll topped with silky chocolate glaze, cookie crumbles, and a whole chocolate cookie — the ultimate treat for cookie and chocolate lovers.', '130.00', 'cinnamon-roll', 'false', 'https://xnnracrkpapdfqcistvh.supabase.co/storage/v1/object/public/menu-images/1756716168336-oxppiv2tevp.jpg', '2025-08-30 06:52:59.374897+00', '2026-02-01 12:00:42.849936+00', 'false', '5', 'size'), ('cb336b68-41dc-4139-94c2-b1555ce1ff23', 'LEMON ICED TEA PITCHER', 'Cool and refreshing black tea infused with a splash of zesty lemon. Light, crisp, and the perfect thirst-quencher any time of day!', '150.00', 'non-coffee', 'false', 'https://xnnracrkpapdfqcistvh.supabase.co/storage/v1/object/public/menu-images/1756727224807-iyszfouguck.jpg', '2025-09-01 11:47:13.512044+00', '2026-02-11 03:17:47.487935+00', 'true', '6', 'size'), ('cbb3a469-a861-4f79-a6f6-ce5471dd5721', 'ICED HAZELNUT LATTE', 'Rich espresso blended with velvety milk and sweet hazelnut syrup, served over ice. A smooth and nutty classic that balances coffee boldness with creamy sweetness — a perfect treat for any time of day.', '160.00', 'iced-coffee', 'false', 'https://xnnracrkpapdfqcistvh.supabase.co/storage/v1/object/public/menu-images/1760593810020-jjl5yu3w9u.jpeg', '2025-10-16 05:51:55.72343+00', '2026-02-12 16:09:23.629061+00', 'true', '10', 'size'), ('cc440fa9-91a9-47f0-8d95-a8f9f0f70346', 'GRAHAM BLONDE CREAM', 'A luscious blend of sweet mango chunks, silky cream, and crushed grahams—layered to perfection for a tropical twist on a classic favorite. Light, fruity, and blissfully indulgent.', '180.00', 'frappe-and-shakes', 'true', 'https://xnnracrkpapdfqcistvh.supabase.co/storage/v1/object/public/menu-images/1771721821443-ciuh0m804r.jpeg', '2025-09-01 11:32:47.673862+00', '2026-02-22 00:57:12.935561+00', 'true', '9', 'size'), ('d06b85c4-f5c9-4317-9145-8b121acea127', '1 PC BONELESS CHICKEN TONKATSU', 'Crispy, golden boneless fried chicken served with steamed rice, fresh seasonal vegetables, and our house signature sauce for an extra burst of flavor. A deliciously satisfying meal made just for you!', '180.00', 'food', 'false', 'https://xnnracrkpapdfqcistvh.supabase.co/storage/v1/object/public/menu-images/1756728749496-6g2e1y7hu64.jpg', '2025-09-01 12:12:34.691645+00', '2026-02-16 07:07:02.029112+00', 'true', '12', 'size'), ('d41ea54c-f693-42a1-a436-48aec2010607', 'GARLIC PARMESAN WINGS', 'Crispy, golden chicken wings  generously coated with savory Parmesan cheese. Each bite delivers a perfect crunch on the outside and juicy tenderness inside, bursting with bold, creamy, and garlicky flavor.

Served with warm rice and fresh sides for a satisfying, well-balanced meal that hits all the right cravings.', '250.00', 'food', 'false', 'https://xnnracrkpapdfqcistvh.supabase.co/storage/v1/object/public/menu-images/1770131368380-93ar861q5w7.jpeg', '2026-02-03 15:10:32.8926+00', '2026-02-15 05:12:40.905007+00', 'true', '15', 'size'), ('d5ec788b-ebd2-44ca-b111-6f6493e81b47', 'LUNCHEON MEAT', 'Sliced savory luncheon meat pan-fried to a crispy finish, served with steamed rice and fresh seasonal vegetables. A classic comfort meal that’s quick and satisfying!', '150.00', 'food', 'false', 'https://xnnracrkpapdfqcistvh.supabase.co/storage/v1/object/public/menu-images/1770307702935-88z2wmrka8f.jpeg', '2025-09-01 12:25:10.295588+00', '2026-02-07 06:24:48.943983+00', 'true', '20', 'size'), ('d9122485-199f-4f41-babf-e9749abb04d9', 'ICED TIRAMISU LATTE', 'A luxurious fusion of bold espresso and silky steamed milk, layered with tiramisu-inspired cream. Topped with a decadent slice of tiramisu cake, making every sip a perfect balance of coffee & dessert.', '220.00', 'iced-coffee', 'false', 'https://xnnracrkpapdfqcistvh.supabase.co/storage/v1/object/public/menu-images/1756723509645-vposb6dwx3h.jpg', '2025-09-01 10:45:12.737151+00', '2026-02-14 06:19:37.141565+00', 'false', '13', 'size'), ('dc8314e6-33c1-4428-8c28-3b86badb87d3', 'ICED SEA SALT LATTE', 'A smooth, velvety latte with a subtle hint of sea salt, perfectly balancing rich espresso and creamy milk for a uniquely refreshing twist.', '160.00', 'iced-coffee', 'true', 'https://xnnracrkpapdfqcistvh.supabase.co/storage/v1/object/public/menu-images/1756724770758-xik0iu4t1kl.jpg', '2025-09-01 11:06:40.574075+00', '2026-02-12 15:33:28.056403+00', 'true', '2', 'size'), ('dd47b4dd-e7df-484b-a47a-08c88e73abc3', 'HALO-HALO OVERLOAD', 'A refreshing dessert loaded with colorful mixed fruits, sweet beans, finely shaved iced milk and creamy leche flan, topped with a scoop of ice cream — a vibrant and delicious treat to beat the heat.', '130.00', 'frappe-and-shakes', 'true', 'https://xnnracrkpapdfqcistvh.supabase.co/storage/v1/object/public/menu-images/1756734807990-z0k8mu3l2qp.jpg', '2025-08-30 06:54:06.431539+00', '2026-02-16 02:50:23.638091+00', 'true', '1', 'size'), ('ddca78d7-6efc-4b12-ae97-e1dc24233316', 'WAFFLE WHEEL', 'A delightful sampler of happiness in every slice. Our golden, freshly baked waffles are cut into bite-size wedges and arranged in a wheel, each topped with a unique burst of flavor — from rich chocolate drizzles and crunchy cookies, to creamy spreads, fresh fruits, nuts, and sweet indulgent sauces.

Perfect for sharing (or savoring solo), the Waffle Wheel lets you enjoy multiple flavors in one plate — soft, fluffy, crispy-edged, and irresistibly delicious in every bite.

One plate. Many flavors. Endless smiles.', '150.00', 'other-snacks', 'true', 'https://xnnracrkpapdfqcistvh.supabase.co/storage/v1/object/public/menu-images/1770128736398-n3po38njvzd.jpeg', '2026-02-03 14:41:20.844141+00', '2026-02-16 06:03:15.879619+00', 'true', '3', 'size'), ('e0b9109d-4e77-4a31-85b5-43eb1ec1f0bf', 'SANSRIVAL PISTACHIO', 'A luscious twist on the classic Filipino sansrival, featuring delicate layers of crisp meringue, rich buttercream, and crunchy pistachios. Creamy, nutty, and irresistibly decadent!', '160.00', 'cakes', 'false', 'https://xnnracrkpapdfqcistvh.supabase.co/storage/v1/object/public/menu-images/1765346672593-2ezae77his6.png', '2025-08-30 06:43:27.915041+00', '2026-02-22 08:34:19.142041+00', 'true', '8', 'size'), ('e13660e2-21e2-4c25-86c1-994ce8738cae', 'BONELESS CHICKEN TONKATSU ALA CARTE', 'Crispy, juicy boneless fried chicken served with a selection of special sauces in a variety of flavors. Perfect for dipping, sharing, or enjoying on its own!', '300.00', 'ala-carte', 'true', 'https://xnnracrkpapdfqcistvh.supabase.co/storage/v1/object/public/menu-images/1756729812357-fgchbo9yus.jpg', '2025-08-30 06:27:40.525766+00', '2026-02-25 01:48:35.13344+00', 'true', '5', 'size'), ('e3309c7f-8c06-4057-98ef-b01f24a72c23', 'RAW EGG (ADD-ON)', 'A perfect add-on for your Ramen ', '15.00', 'add-ons', 'false', 'https://xnnracrkpapdfqcistvh.supabase.co/storage/v1/object/public/menu-images/1756733895308-07cubibnb02e.jpg', '2025-08-30 07:02:03.004456+00', '2026-01-08 13:06:47.625214+00', 'true', '45', 'size'), ('e3cb9747-2162-4927-9045-5be918595649', 'SWEET & SOUR CHICKEN POPS MEAL', 'Crispy chicken pops tossed in a tangy sweet and sour sauce, served with steamed rice and fresh seasonal vegetables. A vibrant and delicious meal that hits all the right notes!', '190.00', 'food', 'false', 'https://xnnracrkpapdfqcistvh.supabase.co/storage/v1/object/public/menu-images/1756713839338-qgfmxh09ovm.jpg', '2025-08-30 06:24:05.236954+00', '2026-02-16 07:06:38.886024+00', 'true', '6', 'size'), ('e891b159-9f5b-4a00-877d-31732b3a95c5', 'BONELESS BANGUS MEAL', 'Crispy, golden milkfish (bangus) marinated in a savory blend of vinegar, garlic, and spices. Deboned for your convenience and fried to perfection – crunchy on the outside, tender and flavorful inside.', '200.00', 'food', 'false', 'https://xnnracrkpapdfqcistvh.supabase.co/storage/v1/object/public/menu-images/1756713874542-mlmc8fapkvb.jpg', '2025-08-30 06:24:52.27358+00', '2026-02-07 06:24:47.117709+00', 'true', '7', 'size'), ('e91b0004-d306-40d3-b154-9ac58912e87e', 'LEMON ICED TEA GLASS', 'Cool and refreshing black tea infused with a splash of zesty lemon. Light, crisp, and the perfect thirst-quencher any time of day!', '40.00', 'non-coffee', 'false', 'https://xnnracrkpapdfqcistvh.supabase.co/storage/v1/object/public/menu-images/1756727103378-axcyxqpi7cs.jpg', '2025-09-01 11:45:10.556496+00', '2026-02-11 03:17:35.106655+00', 'true', '5', 'size'), ('e9dbf7bd-2094-44c1-89a7-5483182cb626', 'BISCOFF CROISSANT ', 'A buttery, flaky croissant generously glazed with creamy Biscoff icing and topped with a signature Lotus Biscoff biscuit. Overloaded with a rich and irresistibly delicious Biscoff cream filling inside, every bite is perfectly sweet, smooth, and indulgent — best paired with your favorite coffee.', '220.00', 'cakes', 'false', 'https://xnnracrkpapdfqcistvh.supabase.co/storage/v1/object/public/menu-images/1771085191060-9auerrhe568.jpeg', '2026-02-14 16:07:00.486321+00', '2026-02-21 08:59:54.724757+00', 'false', '132', 'size'), ('eb1468d0-f08c-4966-a092-d9d3fdc0255f', 'GOLDEN PEACH SODA', 'Sweet and delicate peach notes swirl into crisp sparkling soda, creating a bright, refreshing drink with a smooth and juicy finish.', '120.00', 'soda-splash', 'false', 'https://xnnracrkpapdfqcistvh.supabase.co/storage/v1/object/public/menu-images/1762256550996-8dv5vavom8c.jpeg', '2025-11-04 11:42:48.848035+00', '2026-02-09 11:12:32.829055+00', 'true', '126', 'size'), ('ec93701b-8e07-4fb0-8c5a-754cd8639452', 'KIMCHI', 'A traditional Korean side dish made from fermented napa cabbage and radish, seasoned with chili, garlic, and spices — tangy, spicy, and full of bold flavor.', '25.00', 'add-ons', 'false', 'https://xnnracrkpapdfqcistvh.supabase.co/storage/v1/object/public/menu-images/1756715836321-yurxrsrhu1j.jpg', '2025-08-30 06:58:20.082884+00', '2026-02-02 09:03:37.55465+00', 'true', '40', 'size'), ('eeadedf4-9093-4c38-81a1-15b17c2fa455', 'MATCHA SOUL SOOTHE FRAPPE', 'A cool and creamy blend of premium Japanese matcha, milk, and ice—smooth, refreshing, and just the right touch of earthy sweetness in every sip.', '190.00', 'frappe-and-shakes', 'true', 'https://xnnracrkpapdfqcistvh.supabase.co/storage/v1/object/public/menu-images/1771721635410-9o16eflqp8o.jpeg', '2025-09-01 11:29:57.98725+00', '2026-02-22 00:54:03.966124+00', 'true', '8', 'size'), ('f037b8e3-f711-4e5c-8538-d838befe2b86', 'HOT CAFE LATTE', 'Creamy steamed milk meets bold espresso', '130.00', 'hot-coffee', 'true', 'https://xnnracrkpapdfqcistvh.supabase.co/storage/v1/object/public/menu-images/1756721609668-qnxkppd04ys.jpg', '2025-09-01 10:13:33.882312+00', '2026-02-12 16:30:28.222765+00', 'true', '4', 'size'), ('f0c76d99-057e-4577-b727-d3e08765fadd', 'ICED AMERICANO', 'A refreshing blend of rich espresso and cold water, served over ice—smooth, bold, and perfectly balanced.', '110.00', 'iced-coffee', 'true', 'https://xnnracrkpapdfqcistvh.supabase.co/storage/v1/object/public/menu-images/1768132441552-t9zuc3mu1ne.jpeg', '2026-01-11 11:56:33.502175+00', '2026-02-12 17:03:07.813091+00', 'true', '1', 'size'), ('f218d7f6-23f7-4030-8aa3-495074dea519', 'STEUARTS LEMON TEA', 'A bright and zesty infusion that blends the tangy freshness of lemon with the smooth taste of fine tea. Light, invigorating, and naturally refreshing, it’s the perfect pick-me-up', '60.00', 'premium-hot-tea', 'false', 'https://xnnracrkpapdfqcistvh.supabase.co/storage/v1/object/public/menu-images/1759312343167-5rccog01ekp.jpeg', '2025-10-01 08:06:17.653201+00', '2026-01-08 13:06:47.625214+00', 'true', '120', 'size'), ('f63e2eec-a8e1-4409-ac5e-57c0295bf77e', 'YOPOKKI ROSE', 'Chewy rice cakes drenched in a creamy, mildly spicy rose sauce — a rich and flavorful twist on a Korean favorite.', '135.00', 'diy-korean-ramen', 'false', 'https://xnnracrkpapdfqcistvh.supabase.co/storage/v1/object/public/menu-images/1756733585342-kn6yrcnsem.webp', '2025-09-01 13:33:08.976416+00', '2026-01-08 13:06:47.625214+00', 'false', '107', 'size'), ('f6bbe85f-09c6-43aa-9e30-66e57cf8e8e0', 'ULTIMATE CRISPY PATA', 'A golden-fried pork knuckle with irresistibly crunchy skin and tender, juicy meat inside. Perfectly seasoned and cooked to perfection, served fresh for sharing — a true comfort feast that brings bold flavor and satisfying crunch in every bite.', '595.00', 'ala-carte', 'true', 'https://xnnracrkpapdfqcistvh.supabase.co/storage/v1/object/public/menu-images/1769844099031-971mmz678l.jpeg', '2026-01-31 07:05:06.412539+00', '2026-02-18 04:48:06.933986+00', 'true', '1', 'size'), ('f7a102c3-3460-4597-be46-1d275192a74d', 'ESPRESSO CRAVE FRAPPE', 'Our Espresso Crave Frappe is a smooth blend of bold espresso, creamy milk, and ice—crafted to deliver a rich coffee punch wrapped in a refreshing chill. A perfect treat for those who love their coffee strong, cold, and irresistibly smooth.', '180.00', 'frappe-and-shakes', 'false', 'https://xnnracrkpapdfqcistvh.supabase.co/storage/v1/object/public/menu-images/1765180574139-e4ly71cuorn.png', '2025-11-20 13:45:34.465322+00', '2026-02-10 06:13:04.517371+00', 'true', '15', 'size'), ('f83c087a-9cad-4608-ba72-2d5c12cb496a', 'DARK CHOCOLATE FRAPPE', 'Bold meets indulgent in this rich blend of dark chocolate and freshly brewed coffee, perfectly chilled and blended into a creamy, energizing treat. Finished with whipped cream and a drizzle of decaden.', '180.00', 'frappe-and-shakes', 'true', 'https://xnnracrkpapdfqcistvh.supabase.co/storage/v1/object/public/menu-images/1765180055172-b0gmm366upi.png', '2025-09-01 11:39:06.914823+00', '2026-02-15 12:14:24.63168+00', 'true', '12', 'size'), ('f95eb42e-0888-4f36-87a4-1ed2ca375d11', 'ICED SEA SALT MATCHA', 'A harmony of umami matcha and sea salt cream - bold smooth and satisfying', '170.00', 'matcha-special', 'true', 'https://xnnracrkpapdfqcistvh.supabase.co/storage/v1/object/public/menu-images/1771596976827-oxxxof4oeak.jpeg', '2025-09-05 09:52:14.878204+00', '2026-02-20 14:16:30.762863+00', 'true', '109', 'size'), ('fa0c5680-f17c-49fa-812e-f309fca6bd0f', 'SANSRIVAL ALMOND', 'A decadent Filipino dessert featuring layers of buttery almond meringue and rich buttercream, creating a perfect balance of crunch and creamy sweetness. A true indulgence for almond lovers!', '150.00', 'cakes', 'false', 'https://xnnracrkpapdfqcistvh.supabase.co/storage/v1/object/public/menu-images/1756731663427-vceg5eiqtv.jpg', '2025-08-30 06:43:05.990222+00', '2026-02-20 07:14:13.676784+00', 'true', '7', 'size'), ('fbb0433b-7329-4af1-93f9-96ed1dc4f560', 'SHIN STIR FRY', 'Chewy noodles tossed in Shin Ramyun’s signature spicy sauce — a quick and flavorful stir-fry with a bold, fiery kick.', '100.00', 'diy-korean-ramen', 'false', 'https://xnnracrkpapdfqcistvh.supabase.co/storage/v1/object/public/menu-images/1756733469691-4q1xzzjpazr.webp', '2025-09-01 13:31:14.769194+00', '2026-02-06 04:07:09.830435+00', 'false', '105', 'size'), ('fd209790-f76f-46f9-9f52-131469b774ce', 'ICED BISCOFF LATTE', 'A creamy latte blended with rich Biscoff cookie butter and smooth espresso, topped with frothy milk and biscoff crunch. Perfectly indulgent and comforting.', '210.00', 'iced-coffee', 'true', 'https://xnnracrkpapdfqcistvh.supabase.co/storage/v1/object/public/menu-images/1771721239157-4zto0gx47z5.jpeg', '2025-09-01 11:03:30.437355+00', '2026-02-22 00:47:27.735012+00', 'true', '5', 'size') ON CONFLICT DO NOTHING;

-- 3. VARIATIONS
INSERT INTO "public"."variations" ("id", "menu_item_id", "name", "price", "created_at", "type") VALUES ('00b5aa74-d7c7-49bc-be46-456cb182fac9', 'e13660e2-21e2-4c25-86c1-994ce8738cae', 'Sweet Barbecue', '0.00', '2026-02-25 01:48:35.823969+00', 'Sauce'), ('01e4809b-5fdf-4086-9fe5-bf7e660ee7a0', '1b93b29c-5610-4929-8f34-ac8a12b3abcb', 'Honey Glazed', '0.00', '2026-02-25 01:47:36.367901+00', 'Sauce'), ('0214690a-0c62-4891-8164-e673b34eae67', '8babf413-19ed-4fae-bc86-2ab56385e940', '75% Sweet ', '0.00', '2026-02-12 15:59:02.493636+00', 'Sweetness'), ('02f8d491-476a-47ae-9aed-9dde543254b5', 'b832ff1a-5d08-4b90-a15b-18ef80cb0d6c', '75% Sweet', '0.00', '2026-02-12 16:13:20.60223+00', 'Sweetness'), ('05d724c5-3656-4dbb-a8e2-cc812ed18869', '7891c01a-69c7-4187-b750-144ff5e97e91', 'Spicy Honey Glazed', '0.00', '2026-02-25 01:49:22.245953+00', 'Sauce'), ('0638dedc-3877-429b-9cc8-d82fc7e7f23e', 'e13660e2-21e2-4c25-86c1-994ce8738cae', 'Honey Glazed', '0.00', '2026-02-25 01:48:35.823969+00', 'Sauce'), ('0865bc12-34fc-4f01-8e2c-b340e31c0a6c', '70a46cf4-db19-4355-82c3-651b7036aceb', 'NON COFFEE', '0.00', '2026-02-15 12:10:10.517868+00', 'SERVING PREFERENCE'), ('0b1a9907-9183-4bcf-8299-eb24da9f5cc9', 'e13660e2-21e2-4c25-86c1-994ce8738cae', 'Buffalo', '0.00', '2026-02-25 01:48:35.823969+00', 'Sauce'), ('0b565454-8fa7-48b0-a661-5840555f0146', '459e33a7-08af-47d5-9e05-0bbb313fa769', 'NORMAL', '0.00', '2026-02-12 16:06:57.172324+00', 'Sweetness'), ('0b9c5cec-db52-4655-a806-ad444f7df309', 'cbb3a469-a861-4f79-a6f6-ce5471dd5721', '75% Sweet', '0.00', '2026-02-12 16:09:24.99602+00', 'Size'), ('0bade232-406a-4b61-ac2c-e8dc4ca0258e', '6a72f521-a317-427c-825d-b9e9ebb5d1b4', '50% Sweet', '0.00', '2026-02-12 15:37:32.955135+00', 'Sweetness'), ('0d3fce86-082b-4a4a-8d01-8ae6e4149c64', '7891c01a-69c7-4187-b750-144ff5e97e91', 'Honey Glazed', '0.00', '2026-02-25 01:49:22.245953+00', 'Sauce'), ('0fd49e9a-e207-4fbe-9a70-052e0f6d494f', '830b18e6-9ac8-4346-aac4-7ceff9956d57', 'NON-COFFEE', '0.00', '2026-02-15 12:05:39.354562+00', 'SERVING PREFERENCE'), ('105ead60-9a03-435e-a3e0-dd6df4ba71d0', 'e13660e2-21e2-4c25-86c1-994ce8738cae', 'Spicy Garlic Mayo', '0.00', '2026-02-25 01:48:35.823969+00', 'Sauce'), ('126a6096-6f87-48fe-86a9-d16898e6f9c6', 'bc55ba82-389a-43fb-8ad9-ed2974016954', 'WITH COFFEE', '0.00', '2026-02-15 12:12:10.749271+00', 'SERVING PREFERENCE'), ('12fb74d5-8067-46ff-ac8f-f885c9a9ce3e', '176c2d25-cbaa-4974-8d08-01a2d39980a9', '50% Sweet', '0.00', '2026-02-12 16:16:30.38478+00', 'Sweetness'), ('150b6ef2-27a8-4190-8387-a4bfbe7f0647', 'b832ff1a-5d08-4b90-a15b-18ef80cb0d6c', '50% Sweet', '0.00', '2026-02-12 16:13:20.60223+00', 'Sweetness'), ('1594e660-7d7e-466b-89ec-99c08d7e8241', 'e13660e2-21e2-4c25-86c1-994ce8738cae', 'Garlic Parmesan', '0.00', '2026-02-25 01:48:35.823969+00', 'Sauce'), ('167b3fbd-3529-472c-84ab-0d6f071c08ee', 'f037b8e3-f711-4e5c-8538-d838befe2b86', 'STRONG', '0.00', '2026-02-12 16:30:29.459054+00', 'Coffee Strength'), ('18791e7c-88bb-4406-bc1e-bd7ea29b4364', '459e33a7-08af-47d5-9e05-0bbb313fa769', '75% Sweet', '0.00', '2026-02-12 16:06:57.172324+00', 'Sweetness'), ('1fa038c3-6489-4eaf-b5a2-7a75e01d66dd', '7891c01a-69c7-4187-b750-144ff5e97e91', 'Buffalo Sauce', '0.00', '2026-02-25 01:49:22.245953+00', 'Sauce'), ('2228a994-971b-4070-ba6a-d9a634f144da', 'e13660e2-21e2-4c25-86c1-994ce8738cae', 'Garlic Mayo', '0.00', '2026-02-25 01:48:35.823969+00', 'Sauce'), ('2374b724-5946-4fdd-b503-d9c930c98f9d', '3d522946-355a-49ea-8ce6-8bc68517c528', 'NO COFFEE', '0.00', '2026-02-15 12:18:18.706551+00', 'SERVING PREFERENCE'), ('2586c735-b2cc-42e0-8ba5-4f67c28cc487', 'cbb3a469-a861-4f79-a6f6-ce5471dd5721', '25% Sweet', '0.00', '2026-02-12 16:09:24.99602+00', 'Size'), ('273baa1c-4416-4b69-b6fe-d00ea58bf7ad', 'a2a98f38-0052-48fa-9381-407dea15fff2', '50% Sweet', '0.00', '2026-02-12 15:44:11.295211+00', 'Sweetness'), ('2b42d4b4-364a-47ec-a1c6-c0a5a888ad3e', 'fd209790-f76f-46f9-9f52-131469b774ce', 'STRONG', '0.00', '2026-02-22 00:47:28.673147+00', 'Coffee Options'), ('2c0d7e62-ba22-4efe-a93f-f30279af0294', '6a72f521-a317-427c-825d-b9e9ebb5d1b4', 'NORMAL', '0.00', '2026-02-12 15:37:32.955135+00', 'Sweetness'), ('2d2cfab9-2d05-4c81-a36c-9e217b1d1765', '3c4a6eff-8232-4970-b468-3af4ad49c88f', 'BARBECUE ', '0.00', '2026-02-15 07:59:51.22176+00', 'Flavor'), ('38e5eb67-2ea3-4cea-acdf-4ad9cde7a8cf', '0a29cfeb-acc4-4887-9fa1-fd98ee1cba77', 'REGULAR', '0.00', '2026-02-16 07:07:19.101289+00', 'SAUCE'), ('3b63a5c7-2dbb-47c2-bcd0-0a07151341f4', 'd9122485-199f-4f41-babf-e9749abb04d9', 'MILD', '0.00', '2026-02-14 06:19:38.546353+00', 'Coffee Strength'), ('401ac4f2-23a4-4879-9648-f64bf6d4b7a4', 'f0c76d99-057e-4577-b727-d3e08765fadd', '100% Sweet', '0.00', '2026-02-12 17:03:08.818428+00', 'Sweetness'), ('40361f3b-90c7-4ac7-8d0d-60d4b889b90c', 'a2a98f38-0052-48fa-9381-407dea15fff2', 'NORMAL', '0.00', '2026-02-12 15:44:11.295211+00', 'Sweetness'), ('41b63d7f-504e-4ab3-9778-0032eb053019', 'd06b85c4-f5c9-4317-9145-8b121acea127', '🌶️SPICY', '0.00', '2026-02-16 07:07:03.260882+00', 'SAUCE'), ('4269ef44-767d-4074-aa47-30719b620459', '459f52ca-8892-4fd4-84e2-f0567061c986', '75% Sweet ', '0.00', '2026-02-12 16:52:36.3795+00', 'Sweetness'), ('42d49e30-3fe6-44c4-a28e-b4fb2c4b6c0e', 'f0c76d99-057e-4577-b727-d3e08765fadd', '75% Sweet', '0.00', '2026-02-12 17:03:08.818428+00', 'Sweetness'), ('42dd3698-dde2-4b87-a3f0-3e7e73115a24', 'f0c76d99-057e-4577-b727-d3e08765fadd', 'MILD', '0.00', '2026-02-12 17:03:08.818428+00', 'Coffee Strength '), ('4c870e9b-2dee-4341-a3c4-baa10c34bbfb', '62a7af62-5da3-46c3-b3d4-f0e0e60eb198', 'NORMAL', '0.00', '2026-02-12 16:02:55.085665+00', 'Sweetness'), ('4d9ad333-c537-42ae-99f3-0aac32746100', 'dc8314e6-33c1-4428-8c28-3b86badb87d3', 'MILD', '0.00', '2026-02-12 15:33:28.750877+00', 'Coffee Strength'), ('51d1e435-4e6b-4ce7-8e69-01637fd99f15', '6a72f521-a317-427c-825d-b9e9ebb5d1b4', 'MILD', '0.00', '2026-02-12 15:37:32.955135+00', 'Coffee Strength'), ('54a68d73-7f1a-4f5d-8e40-78efb62d9b94', '5e529b99-b0e5-4694-a502-029a72204978', 'Normal', '0.00', '2026-02-12 15:13:40.785767+00', 'Sweetness'), ('54d5d150-6b11-4705-80dc-1f46feb82079', '1b93b29c-5610-4929-8f34-ac8a12b3abcb', 'Spicy Garlic Mayo', '0.00', '2026-02-25 01:47:36.367901+00', 'Sauce'), ('57ab7743-be4f-4749-961d-3b83ff4f6fca', 'e13660e2-21e2-4c25-86c1-994ce8738cae', 'Spicy Honey Glazed', '0.00', '2026-02-25 01:48:35.823969+00', 'Sauce'), ('5838d113-8113-422a-99d3-d0e2020ef521', '820a282c-ad8d-417c-ae62-c93d6d165300', 'NO COFFEE', '0.00', '2026-02-15 12:16:20.441332+00', 'SERVING PREFERENCE '), ('587e4194-0cec-49b5-83a5-cafba623aca9', '46553085-da91-409f-8a08-3d77fc41d697', 'Sweet Barbecue', '0.00', '2026-02-25 01:46:32.645064+00', 'Sauce'), ('59563de7-ea10-497b-80ed-d14f378660a9', 'f037b8e3-f711-4e5c-8538-d838befe2b86', 'MILD', '0.00', '2026-02-12 16:30:29.459054+00', 'Coffee Strength'), ('5a00b6cb-4710-45ab-94af-bb3b94a698bc', '459e33a7-08af-47d5-9e05-0bbb313fa769', 'MILD', '0.00', '2026-02-12 16:06:57.172324+00', 'Coffee Strength'), ('5a996719-1463-491f-9e67-03b84ed28d1a', '1b93b29c-5610-4929-8f34-ac8a12b3abcb', 'Spicy Garlic Barbecue ', '0.00', '2026-02-25 01:47:36.367901+00', 'Sauce'), ('5e3dc3b8-30d6-4026-b227-f2277cbf7c66', '459f52ca-8892-4fd4-84e2-f0567061c986', '50% Sweet ', '0.00', '2026-02-12 16:52:36.3795+00', 'Sweetness'), ('5f7b5105-33e8-4c1a-9b1a-9d8ddac671b6', 'dc8314e6-33c1-4428-8c28-3b86badb87d3', 'NORMAL', '0.00', '2026-02-12 15:33:28.750877+00', 'Sweetness'), ('618d93b7-6ebd-47a7-b809-31613fdbda6a', 'b832ff1a-5d08-4b90-a15b-18ef80cb0d6c', 'NORMAL', '0.00', '2026-02-12 16:13:20.60223+00', 'Sweetness'), ('620dc86d-0155-4152-9a01-4a354e95c581', '46553085-da91-409f-8a08-3d77fc41d697', 'Buffalo', '0.00', '2026-02-25 01:46:32.645064+00', 'Sauce'), ('649d8e10-ae9d-4bbe-a41e-28997afa74b2', '1b93b29c-5610-4929-8f34-ac8a12b3abcb', 'Garlic Mayo', '0.00', '2026-02-25 01:47:36.367901+00', 'Sauce'), ('65e2c915-f4ea-4f3e-add6-ce1ef1588bc4', 'f6bbe85f-09c6-43aa-9e30-66e57cf8e8e0', 'Soy sauce + Kalamansi', '0.00', '2026-02-18 04:48:07.843614+00', 'Sauce'), ('65e793db-3c82-4506-8e71-3561eca2442c', '5e529b99-b0e5-4694-a502-029a72204978', '50% Sweet', '0.00', '2026-02-12 15:13:40.785767+00', 'Sweetness'), ('68ce761e-2e90-4de3-aed1-227773fd07e0', 'fd209790-f76f-46f9-9f52-131469b774ce', 'MILD', '0.00', '2026-02-22 00:47:28.673147+00', 'Coffee Options'), ('68e3a452-7bfc-45eb-bb5a-006c7d6d33ed', '1b93b29c-5610-4929-8f34-ac8a12b3abcb', 'Buffalo', '0.00', '2026-02-25 01:47:36.367901+00', 'Sauce'), ('6bbd4f7f-fa8b-4833-b7df-878f28772e71', 'dc8314e6-33c1-4428-8c28-3b86badb87d3', 'STRONG', '0.00', '2026-02-12 15:33:28.750877+00', 'Coffee Strength'), ('6ce65f09-695e-40b7-8f29-67318f1ca458', '8babf413-19ed-4fae-bc86-2ab56385e940', 'STRONG', '0.00', '2026-02-12 15:59:02.493636+00', 'Coffee Strength'), ('6f9cb18a-3e49-454b-a324-fc3a919c9ebd', 'a2a98f38-0052-48fa-9381-407dea15fff2', 'STRONG', '0.00', '2026-02-12 15:44:11.295211+00', 'Coffee Strength'), ('70646222-c560-4dd8-b971-2a98b702d012', 'fd209790-f76f-46f9-9f52-131469b774ce', 'NORMAL', '0.00', '2026-02-22 00:47:28.673147+00', 'Sweetness'), ('70a50e65-ef3f-4375-a006-f7a9fe8eed18', '46553085-da91-409f-8a08-3d77fc41d697', 'Japanese Teriyaki', '0.00', '2026-02-25 01:46:32.645064+00', 'Sauce'), ('72b6ba24-e5b0-44a8-80e3-495acddb4f6d', 'bc55ba82-389a-43fb-8ad9-ed2974016954', 'NON COFFEE', '0.00', '2026-02-15 12:12:10.749271+00', 'SERVING PREFERENCE'), ('72e8a366-8233-4147-a1f9-d268b6f08f46', '1b93b29c-5610-4929-8f34-ac8a12b3abcb', 'Sweet Barbecue', '0.00', '2026-02-25 01:47:36.367901+00', 'Sauce'), ('74d51f38-3af5-4f86-9f58-53d01fc6b44c', '6a72f521-a317-427c-825d-b9e9ebb5d1b4', '75% Sweet', '0.00', '2026-02-12 15:37:32.955135+00', 'Sweetness'), ('76bca3e5-cc32-4597-81a9-c4131e5df654', '1b93b29c-5610-4929-8f34-ac8a12b3abcb', 'Garlic Parmesan', '0.00', '2026-02-25 01:47:36.367901+00', 'Sauce'), ('785a95a9-4209-43d6-9e5c-c76f1786f301', 'f0c76d99-057e-4577-b727-d3e08765fadd', 'STRONG', '0.00', '2026-02-12 17:03:08.818428+00', 'Coffee Strength '), ('78ad65a9-bfee-433b-8f12-2cff2402a0fd', '1b93b29c-5610-4929-8f34-ac8a12b3abcb', 'Roasted Sesame', '0.00', '2026-02-25 01:47:36.367901+00', 'Sauce'), ('7b363de9-da0a-4087-bb8a-a1b2f5f25a37', '5e529b99-b0e5-4694-a502-029a72204978', '75% Sweet', '0.00', '2026-02-12 15:13:40.785767+00', 'Sweetness'), ('7c9281d8-268d-42d2-b4e3-c9b7dc3b3d57', '3c4a6eff-8232-4970-b468-3af4ad49c88f', 'CHEESE', '0.00', '2026-02-15 07:59:51.22176+00', 'Flavor'), ('7edae95e-f181-499d-810a-3028d0272a7b', '46553085-da91-409f-8a08-3d77fc41d697', 'Spicy Garlic Butter', '0.00', '2026-02-25 01:46:32.645064+00', 'Sauce'), ('7ffee45a-85c9-4aec-9010-525352501e00', '8babf413-19ed-4fae-bc86-2ab56385e940', '50% Sweet', '0.00', '2026-02-12 15:59:02.493636+00', 'Sweetness'), ('80832406-2449-4a45-a623-8ce2832db121', 'b832ff1a-5d08-4b90-a15b-18ef80cb0d6c', 'MILD', '0.00', '2026-02-12 16:13:20.60223+00', 'Coffee Strength'), ('815ca268-b10d-43d8-aa70-6d51195192f0', '62a7af62-5da3-46c3-b3d4-f0e0e60eb198', '75% Sweet', '0.00', '2026-02-12 16:02:55.085665+00', 'Sweetness'), ('82e143bc-c4fc-4c72-8b84-5d976d29a51b', 'b832ff1a-5d08-4b90-a15b-18ef80cb0d6c', 'STRONG', '0.00', '2026-02-12 16:13:20.60223+00', 'Coffee Strength'), ('854237ef-bc02-40d2-9ca8-c17f1c7a8b19', '62a7af62-5da3-46c3-b3d4-f0e0e60eb198', 'MILD', '0.00', '2026-02-12 16:02:55.085665+00', 'Coffee Strength'), ('871ae3a5-755c-43fa-8989-f132c87a1e49', '67387803-23d3-4de6-9145-03a8a23db288', 'STRONG', '0.00', '2026-02-12 16:38:48.202753+00', 'Coffee Strength'), ('88838d29-c3cc-4328-acab-67a90e4761f8', 'd06b85c4-f5c9-4317-9145-8b121acea127', 'REGULAR', '0.00', '2026-02-16 07:07:03.260882+00', 'SAUCE'), ('8982fbbd-7290-4030-84bb-5cd462e04739', '8e33b883-afe5-4130-bc36-74c61a31ba4a', 'STRONG', '0.00', '2026-02-12 16:42:34.755152+00', 'Coffee Strength '), ('8c323e58-7345-4eb2-a258-ee418a00af25', 'cbb3a469-a861-4f79-a6f6-ce5471dd5721', 'MILD', '0.00', '2026-02-12 16:09:24.99602+00', 'Coffee Strength'), ('8ca38ff2-2807-43bd-a3cb-941979ae567e', '46553085-da91-409f-8a08-3d77fc41d697', 'Honey Glazed', '0.00', '2026-02-25 01:46:32.645064+00', 'Sauce'), ('8d60404a-660e-46a6-a011-7d13ab116d3a', '3d522946-355a-49ea-8ce6-8bc68517c528', 'WITH COFFEE', '0.00', '2026-02-15 12:18:18.706551+00', 'SERVING PREFERENCE'), ('8e9f2a12-e10d-4d28-865a-e924478c9d68', 'a2a98f38-0052-48fa-9381-407dea15fff2', '75% Sweet', '0.00', '2026-02-12 15:44:11.295211+00', 'Sweetness'), ('8edb2db9-b3eb-4f8c-9994-80a33cd91eda', 'a8b45e37-b19d-4916-94a9-9d15a019b6cc', 'SOLO', '0.00', '2026-02-22 10:32:55.784628+00', 'Size'), ('934c1c6c-2a4d-40fe-8722-6eb47b3955e4', '7891c01a-69c7-4187-b750-144ff5e97e91', 'Sweet Barbecue ', '0.00', '2026-02-25 01:49:22.245953+00', 'Sauce'), ('93ec77c9-dbbf-4d07-b8cb-d631b80f8532', 'f6bbe85f-09c6-43aa-9e30-66e57cf8e8e0', 'Vinegar with onions and chili', '0.00', '2026-02-18 04:48:07.843614+00', 'Sauce'), ('95ec3618-8ae3-43a0-b3ac-1b7322e7d676', 'c2de1dbb-274d-4fa2-9ac1-98b1ca532afd', 'STRONG', '0.00', '2026-02-12 16:50:16.583804+00', 'Coffee Strength'), ('a0a6fd07-fb08-48be-8deb-b88503cb890f', '1b93b29c-5610-4929-8f34-ac8a12b3abcb', 'Spicy Garlic Butter', '0.00', '2026-02-25 01:47:36.367901+00', 'Sauce'), ('a361992b-9bac-42a8-8519-89755bcb2d17', '7891c01a-69c7-4187-b750-144ff5e97e91', 'Garlic Mayo', '0.00', '2026-02-25 01:49:22.245953+00', 'Sauce'), ('a5f7fe14-1033-47e6-ac3f-3fe32a3be87a', 'dc8314e6-33c1-4428-8c28-3b86badb87d3', '75% Sweet', '0.00', '2026-02-12 15:33:28.750877+00', 'Sweetness'), ('a74c4e29-1b41-4c11-b84e-1f3056c6d912', 'dc8314e6-33c1-4428-8c28-3b86badb87d3', '50% Sweet', '0.00', '2026-02-12 15:33:28.750877+00', 'Sweetness'), ('a75e50fc-74aa-4342-ba55-e042bd47cc33', '5e529b99-b0e5-4694-a502-029a72204978', 'Mild', '0.00', '2026-02-12 15:13:40.785767+00', 'Coffee Strength'), ('a8954de1-68b0-4977-9602-6b5ebbb46a8d', '0a29cfeb-acc4-4887-9fa1-fd98ee1cba77', '🌶️ SPICY', '0.00', '2026-02-16 07:07:19.101289+00', 'SAUCE'), ('a98ffdd7-433d-430a-9ac9-4ee08e4dda5d', '176c2d25-cbaa-4974-8d08-01a2d39980a9', 'NORMAL', '0.00', '2026-02-12 16:16:30.38478+00', 'Sweetness'), ('aaa831df-dc65-48da-b919-6d5976733fb7', 'e13660e2-21e2-4c25-86c1-994ce8738cae', 'Spicy Garlic Butter', '0.00', '2026-02-25 01:48:35.823969+00', 'Sauce'), ('afc14b4d-fc2f-46c1-b1fb-263f95a9c6db', '1b93b29c-5610-4929-8f34-ac8a12b3abcb', 'Japanese Teriyaki', '0.00', '2026-02-25 01:47:36.367901+00', 'Sauce'), ('b07a3d72-ebae-4d18-9ef5-70c56408001b', '176c2d25-cbaa-4974-8d08-01a2d39980a9', 'MILD', '0.00', '2026-02-12 16:16:30.38478+00', 'Coffee Strength'), ('b1afff23-b89f-43f9-971d-3d34db12401d', '7891c01a-69c7-4187-b750-144ff5e97e91', 'Roasted Sesame', '0.00', '2026-02-25 01:49:22.245953+00', 'Sauce'), ('b45d75aa-e77f-4735-8c20-3da901edc8ca', '894652d5-829f-4cac-b867-6335e3b432d8', 'STRONG', '0.00', '2026-02-12 16:47:59.824744+00', 'Coffee Strength'), ('b60141e9-bbf7-4e6a-9680-2d4f4ee984e1', 'a8b45e37-b19d-4916-94a9-9d15a019b6cc', 'FAMILY (4 to 5 persons)', '70.00', '2026-02-22 10:32:55.784628+00', 'Size'), ('b6af1c54-eb50-46e9-90ca-785a3864cb1a', 'fd209790-f76f-46f9-9f52-131469b774ce', '50% Sweet', '0.00', '2026-02-22 00:47:28.673147+00', 'Sweetness'), ('b6d58b4b-3161-40e7-ac4d-be7a3bdb2a72', 'cbb3a469-a861-4f79-a6f6-ce5471dd5721', 'STRONG', '0.00', '2026-02-12 16:09:24.99602+00', 'Coffee Strength'), ('b8baf691-2764-4a28-8f24-b1a1e3abc2b1', '62a7af62-5da3-46c3-b3d4-f0e0e60eb198', '50% Sweet', '0.00', '2026-02-12 16:02:55.085665+00', 'Sweetness'), ('b95f7a44-19cd-480d-8b84-6b58b6375eee', 'e13660e2-21e2-4c25-86c1-994ce8738cae', 'Roasted Sesame', '0.00', '2026-02-25 01:48:35.823969+00', 'Sauce'), ('bce4faad-954f-4535-b2f1-af7693b73a2e', '3c4a6eff-8232-4970-b468-3af4ad49c88f', 'SOUR CREAM', '0.00', '2026-02-15 07:59:51.22176+00', 'Flavor'), ('bec05946-903b-49f6-a051-a159c33c72b9', 'f0c76d99-057e-4577-b727-d3e08765fadd', 'ZERO SUGAR', '0.00', '2026-02-12 17:03:08.818428+00', 'Sweetness'), ('c05898a2-9f76-47c9-a28f-b199bde8a549', '459e33a7-08af-47d5-9e05-0bbb313fa769', 'STRONG', '0.00', '2026-02-12 16:06:57.172324+00', 'Coffee Strength'), ('c1690343-4acd-4566-877c-fd1c3ea21b84', '7891c01a-69c7-4187-b750-144ff5e97e91', 'Spicy Garlic Mayo', '0.00', '2026-02-25 01:49:22.245953+00', 'Sauce'), ('c530206a-587f-4712-81dc-c0a8ce3bad50', '46553085-da91-409f-8a08-3d77fc41d697', 'Garlic Parmesan', '0.00', '2026-02-25 01:46:32.645064+00', 'Sauce'), ('c56730d9-cf4c-47f7-8a1b-9aad993d375e', '830b18e6-9ac8-4346-aac4-7ceff9956d57', 'WITH COFFEE', '0.00', '2026-02-15 12:05:39.354562+00', 'SERVING PREFERENCE'), ('cb55b29d-f838-4690-b262-19c832feae6c', 'cbb3a469-a861-4f79-a6f6-ce5471dd5721', 'NORMAL', '0.00', '2026-02-12 16:09:24.99602+00', 'Size'), ('cd06bd97-0f1f-4ef7-8525-963cf388b790', '1b93b29c-5610-4929-8f34-ac8a12b3abcb', 'Spicy Honey Glazed', '0.00', '2026-02-25 01:47:36.367901+00', 'Sauce'), ('ce09fda7-d567-4997-96e1-99448aefc9da', 'd9122485-199f-4f41-babf-e9749abb04d9', 'NORMAL', '0.00', '2026-02-14 06:19:38.546353+00', 'Sweetness'), ('d444c1df-018d-483a-a4a4-babcd1830029', 'd9122485-199f-4f41-babf-e9749abb04d9', 'STRONG', '0.00', '2026-02-14 06:19:38.546353+00', 'Coffee Strength'), ('d504892a-39a3-4dfd-a394-057407894aac', '67387803-23d3-4de6-9145-03a8a23db288', 'MILD', '0.00', '2026-02-12 16:38:48.202753+00', 'Coffee Strength'), ('d58dcbbc-c80c-47d8-adf3-49898380a76e', '8babf413-19ed-4fae-bc86-2ab56385e940', 'NORMAL', '0.00', '2026-02-12 15:59:02.493636+00', 'Sweetness'), ('d5e3e6da-fdec-4e9a-8631-fb6da5cd3038', 'd9122485-199f-4f41-babf-e9749abb04d9', '50% Sweet ', '0.00', '2026-02-14 06:19:38.546353+00', 'Sweetness'), ('d722baa4-27bd-4d08-876f-d8d2b08a8176', '70a46cf4-db19-4355-82c3-651b7036aceb', 'WITH COFFEE', '0.00', '2026-02-15 12:10:10.517868+00', 'SERVING PREFERENCE'), ('dab5b978-fb0b-4574-8dab-fb4e8a72881a', '8e33b883-afe5-4130-bc36-74c61a31ba4a', 'MILD', '0.00', '2026-02-12 16:42:34.755152+00', 'Coffee Strength '), ('dac31009-476d-4891-8b13-c67b3c93a9fb', '3c4a6eff-8232-4970-b468-3af4ad49c88f', 'SALT', '0.00', '2026-02-15 07:59:51.22176+00', 'Flavor'), ('dc192a13-80ff-454f-9d51-849b7e70161e', 'a2a98f38-0052-48fa-9381-407dea15fff2', 'MILD', '0.00', '2026-02-12 15:44:11.295211+00', 'Coffee Strength'), ('dcdaeed4-a0d9-4589-afb3-4e89b8453f53', '459e33a7-08af-47d5-9e05-0bbb313fa769', '50% Sweet', '0.00', '2026-02-12 16:06:57.172324+00', 'Sweetness'), ('dd847abf-9dda-42b1-81d1-0ea0258cd866', '459f52ca-8892-4fd4-84e2-f0567061c986', 'NORMAL', '0.00', '2026-02-12 16:52:36.3795+00', 'Sweetness'), ('de287b47-81b0-4746-a88e-b05fdc5a5dc0', 'f83c087a-9cad-4608-ba72-2d5c12cb496a', 'WITH COFFEE', '0.00', '2026-02-15 12:14:26.046939+00', 'SERVING PREFERENCE'), ('deb31c9d-00b0-4e6b-b0b2-a7d0a3d1d718', '176c2d25-cbaa-4974-8d08-01a2d39980a9', '75% Sweet', '0.00', '2026-02-12 16:16:30.38478+00', 'Sweetness'), ('df6091e2-5c30-4238-a79f-a01f2e9dcfcb', '46553085-da91-409f-8a08-3d77fc41d697', 'Spicy Garlic Barbecue', '0.00', '2026-02-25 01:46:32.645064+00', 'Sauce'), ('e1c2e2c4-3a90-47c2-bdce-e96118f7c0d1', '6a72f521-a317-427c-825d-b9e9ebb5d1b4', 'STRONG', '0.00', '2026-02-12 15:37:32.955135+00', 'Coffee Strength'), ('e504a840-8ae5-4120-81ed-94470323a38e', '46553085-da91-409f-8a08-3d77fc41d697', 'Spicy Honey Glazed', '0.00', '2026-02-25 01:46:32.645064+00', 'Sauce'), ('e62c4351-bff8-4d41-9f58-4b5ea8981640', '5e529b99-b0e5-4694-a502-029a72204978', 'Strong', '0.00', '2026-02-12 15:13:40.785767+00', 'Coffee Strength'), ('e9333edd-49d9-4137-8266-08ea0d472890', '7891c01a-69c7-4187-b750-144ff5e97e91', 'Spicy Garlic Butter', '0.00', '2026-02-25 01:49:22.245953+00', 'Sauce'), ('ec22a798-6b0e-4c58-b6c7-9eafe73c756b', 'd9122485-199f-4f41-babf-e9749abb04d9', '75% Sweet', '0.00', '2026-02-14 06:19:38.546353+00', 'Sweetness'), ('ecdd2aa9-6faa-40c3-b3aa-2fee9f9f233d', '176c2d25-cbaa-4974-8d08-01a2d39980a9', 'STRONG', '0.00', '2026-02-12 16:16:30.38478+00', 'Coffee Strength'), ('ed3e758b-5876-46c3-94aa-65fa95a0db6d', '7891c01a-69c7-4187-b750-144ff5e97e91', 'Japanese Teriyaki ', '0.00', '2026-02-25 01:49:22.245953+00', 'Sauce'), ('ee6fe929-ff49-4635-a289-8b8d2b75eabf', '820a282c-ad8d-417c-ae62-c93d6d165300', 'WITH COFFEE', '0.00', '2026-02-15 12:16:20.441332+00', 'SERVING PREFERENCE '), ('efc22e2f-8ded-4e9f-a52c-cbc99fde4d6d', '8babf413-19ed-4fae-bc86-2ab56385e940', 'MILD', '0.00', '2026-02-12 15:59:02.493636+00', 'Coffee Strength'), ('f16a23f2-3483-46f8-8fbc-265f0c1a44e4', 'e13660e2-21e2-4c25-86c1-994ce8738cae', 'Japanese Teriyak', '0.00', '2026-02-25 01:48:35.823969+00', 'Sauce'), ('f41dde88-7b6d-484a-9d73-83880c821423', 'fd209790-f76f-46f9-9f52-131469b774ce', '75% Sweet', '0.00', '2026-02-22 00:47:28.673147+00', 'Sweetness'), ('f4834cbd-72a2-4538-a9e3-d0edfd8be012', '62a7af62-5da3-46c3-b3d4-f0e0e60eb198', 'STRONG', '0.00', '2026-02-12 16:02:55.085665+00', 'Coffee Strength'), ('f6822783-872d-4f03-b4b6-adc37a1f2b84', 'f83c087a-9cad-4608-ba72-2d5c12cb496a', 'NO COFFEE', '0.00', '2026-02-15 12:14:26.046939+00', 'SERVING PREFERENCE'), ('f8431f66-3bce-495d-8d88-93a3fc44a064', '7891c01a-69c7-4187-b750-144ff5e97e91', 'Garlic Parmesan', '0.00', '2026-02-25 01:49:22.245953+00', 'Sauce'), ('f942fa6a-c81d-4804-aba5-2b9bfc14f5e5', 'e13660e2-21e2-4c25-86c1-994ce8738cae', 'Spicy Garlic Barbecue', '0.00', '2026-02-25 01:48:35.823969+00', 'Sauce'), ('fd2ef5a0-797d-4b92-bcfd-35bcef403f19', '7891c01a-69c7-4187-b750-144ff5e97e91', 'Spicy Garlic Barbecue', '0.00', '2026-02-25 01:49:22.245953+00', 'Sauce'), ('fd9b1564-3fc2-4c33-970d-6b1b830a1398', '894652d5-829f-4cac-b867-6335e3b432d8', 'MILD', '0.00', '2026-02-12 16:47:59.824744+00', 'Coffee Strength'), ('ffc40e0e-2fd1-4d3d-8dd2-fb14771d58a7', 'c2de1dbb-274d-4fa2-9ac1-98b1ca532afd', 'MILD', '0.00', '2026-02-12 16:50:16.583804+00', 'Coffee Strength') ON CONFLICT DO NOTHING;

-- 4. ADD-ONS
INSERT INTO "public"."add_ons" ("id", "menu_item_id", "name", "price", "category", "created_at") VALUES ('00eaf00d-1bef-4012-8417-722072ebaa67', '5e529b99-b0e5-4694-a502-029a72204978', 'COFFEE JELLY (SINKER)', '30.00', 'extras', '2026-02-12 15:13:41.057078+00'), ('0515bbf3-55d7-4e61-a79e-970ef47df2bd', '62a7af62-5da3-46c3-b3d4-f0e0e60eb198', 'OAT MILK', '40.00', 'milk', '2026-02-12 16:02:55.32584+00'), ('0e2335d8-6654-40e5-9d18-68a40fee5d05', '1b93b29c-5610-4929-8f34-ac8a12b3abcb', 'Spicy Honey Glazed Sauce', '40.00', 'extras', '2026-02-25 01:47:36.622649+00'), ('13b2ebb8-8b24-497e-8ade-eead7acbfdd7', '1b93b29c-5610-4929-8f34-ac8a12b3abcb', 'Spicy Garlic Barbecue Sauce', '40.00', 'extras', '2026-02-25 01:47:36.622649+00'), ('1770a9f6-035d-49ac-b278-1ea03462ff16', 'e13660e2-21e2-4c25-86c1-994ce8738cae', 'Spicy Garlic Mayo Sauce', '40.00', 'extras', '2026-02-25 01:48:35.950163+00'), ('19358e30-e2b8-4b48-a755-1a9af5e71f64', '04fa9f20-da8e-4614-b152-aa082964f8cc', 'WILD HONEY STICK', '20.00', 'syrup', '2025-10-13 08:49:41.268014+00'), ('1ab90e59-d1c0-4617-9412-926347e00df6', '46553085-da91-409f-8a08-3d77fc41d697', 'Buffalo Sauce', '40.00', 'extras', '2026-02-25 01:46:33.079644+00'), ('2092478b-fdf1-48d7-91ee-02946b791c56', 'e13660e2-21e2-4c25-86c1-994ce8738cae', 'Japanese Teriyaki Sauce', '40.00', 'extras', '2026-02-25 01:48:35.950163+00'), ('22cf77c1-136c-434e-973f-494f2d0905af', '6a72f521-a317-427c-825d-b9e9ebb5d1b4', 'EXTRA ESPRESSO SHOT', '40.00', 'coffee', '2026-02-12 15:37:33.163566+00'), ('25920004-2826-4767-9f67-a6d9fe9f196b', '176c2d25-cbaa-4974-8d08-01a2d39980a9', 'COFFEE JELLY (SINKER)', '30.00', 'extras', '2026-02-12 16:16:30.704842+00'), ('264bf23e-bdad-45f6-99c0-4e32dc774ee0', '46553085-da91-409f-8a08-3d77fc41d697', 'Japanese Teriyaki Sauce', '40.00', 'extras', '2026-02-25 01:46:33.079644+00'), ('282b348b-b7d1-434e-b499-952c4d58646d', 'a95548d4-e510-43b6-a64a-ca8438a145c4', 'WILD HONEY STICK', '20.00', 'syrup', '2025-10-13 08:49:53.871655+00'), ('2f5afa58-ec17-4d12-ac09-40e8ede13e37', '9d314fc5-014b-4f4e-99dc-65c2576ecdb5', 'WILD HONEY STICK', '20.00', 'syrup', '2025-10-13 08:51:52.914181+00'), ('311dd664-70c3-4d96-8865-26d071baf840', '176c2d25-cbaa-4974-8d08-01a2d39980a9', 'EXTRA ESPRESSO SHOT', '40.00', 'coffee', '2026-02-12 16:16:30.704842+00'), ('3203d835-8f98-43d9-9779-1b9f0e7e4d2b', '5e529b99-b0e5-4694-a502-029a72204978', 'EXTRA ESPRESSO SHOT', '40.00', 'coffee', '2026-02-12 15:13:41.057078+00'), ('35543e58-0ee4-4f98-8e57-ffc3fa0c7258', 'b832ff1a-5d08-4b90-a15b-18ef80cb0d6c', 'COFFEE JELLY (SINKER)', '30.00', 'extras', '2026-02-12 16:13:20.882484+00'), ('35d6e84d-c608-4309-9d9c-d56b0c845c30', '1b93b29c-5610-4929-8f34-ac8a12b3abcb', 'Spicy Garlic Butter Sauce', '40.00', 'extras', '2026-02-25 01:47:36.622649+00'), ('365dc709-e0d8-4856-a2a6-ab0f3cb48e39', 'fd209790-f76f-46f9-9f52-131469b774ce', 'EXTRA ESPRESSO SHOT', '40.00', 'coffee', '2026-02-22 00:47:28.909978+00'), ('366fb185-a140-4e0a-ae1f-19d0cb6a3c7c', '894652d5-829f-4cac-b867-6335e3b432d8', 'OAT MILK', '40.00', 'milk', '2026-02-12 16:48:00.053992+00'), ('3f5c5862-2e35-4de7-908a-959d1449d1cc', 'b832ff1a-5d08-4b90-a15b-18ef80cb0d6c', 'OAT MILK', '40.00', 'milk', '2026-02-12 16:13:20.882484+00'), ('3fa5ec86-34a6-4c38-b456-856e1a692983', '46553085-da91-409f-8a08-3d77fc41d697', 'Soy Sauce + Kalamansi', '0.00', 'extras', '2026-02-25 01:46:33.079644+00'), ('46d6da08-e717-4504-b329-50949cb79af4', '67387803-23d3-4de6-9145-03a8a23db288', 'Sugar', '0.00', 'extras', '2026-02-12 16:38:48.515013+00'), ('4a22e922-5fd0-45cc-bbc7-0ef512364f44', '62a7af62-5da3-46c3-b3d4-f0e0e60eb198', 'EXTRA ESPRESSO SHOT', '40.00', 'coffee', '2026-02-12 16:02:55.32584+00'), ('4b62dd6d-014e-41d5-8390-8485114eaa46', '8a961f61-3cb8-4549-805e-629b22d009e2', 'NATA', '30.00', 'extras', '2026-02-09 11:12:03.277904+00'), ('4dc79974-95c0-4572-ae22-f6d09e370a1c', '1b93b29c-5610-4929-8f34-ac8a12b3abcb', 'Sweet Barbecue Sauce', '40.00', 'extras', '2026-02-25 01:47:36.622649+00'), ('4e8be345-8cad-4fdc-b69a-7df7ac78d7c0', 'e13660e2-21e2-4c25-86c1-994ce8738cae', 'Spicy Honey Glazed Sauce', '40.00', 'extras', '2026-02-25 01:48:35.950163+00'), ('5b0527f1-1c38-4aa7-b3fc-d5f13cd8ad1a', 'fd209790-f76f-46f9-9f52-131469b774ce', 'COFFEE JELLY (SINKER)', '30.00', 'extras', '2026-02-22 00:47:28.909978+00'), ('5b74c7d1-175c-4cbe-b118-839c79c594ff', '1b93b29c-5610-4929-8f34-ac8a12b3abcb', 'Buffalo Sauce', '40.00', 'extras', '2026-02-25 01:47:36.622649+00'), ('60528803-b29e-42e5-9da4-7354bef7b5d1', '8e33b883-afe5-4130-bc36-74c61a31ba4a', 'EXTRA ESPRESSO SHOT', '40.00', 'coffee', '2026-02-12 16:42:34.935998+00'), ('64bd1545-09d5-476a-903a-dcabfc22d1df', '8e33b883-afe5-4130-bc36-74c61a31ba4a', 'OAT MILK', '40.00', 'milk', '2026-02-12 16:42:34.935998+00'), ('66843633-f62a-43c3-ad2a-a99069200b09', 'd9122485-199f-4f41-babf-e9749abb04d9', 'EXTRA ESPRESSO SHOT', '40.00', 'coffee', '2026-02-14 06:19:38.890634+00'), ('6ae33c83-cd3e-4f13-910f-7e800a1e4747', 'a2a98f38-0052-48fa-9381-407dea15fff2', 'OAT MILK', '40.00', 'milk', '2026-02-12 15:44:11.514567+00'), ('6af43639-6614-4658-bc13-b3a09a350b6b', 'e13660e2-21e2-4c25-86c1-994ce8738cae', 'Roasted Sesame Sauce', '40.00', 'extras', '2026-02-25 01:48:35.950163+00'), ('6c4e8e03-7e11-4ca3-b06d-8d67cd4353e4', '1b93b29c-5610-4929-8f34-ac8a12b3abcb', 'Garlic Mayo Sauce', '40.00', 'extras', '2026-02-25 01:47:36.622649+00'), ('6c53930f-ba10-43ca-a0a5-6b468cf4510c', 'e13660e2-21e2-4c25-86c1-994ce8738cae', 'Honey Glazed Sauce', '40.00', 'extras', '2026-02-25 01:48:35.950163+00'), ('71935fa2-b49d-41a1-bf8f-c21b5f200fc9', 'e13660e2-21e2-4c25-86c1-994ce8738cae', 'Garlic Parmesan', '40.00', 'extras', '2026-02-25 01:48:35.950163+00'), ('76042ecd-2fdc-4c10-b056-9b94768a2182', '8babf413-19ed-4fae-bc86-2ab56385e940', 'OAT MILK', '40.00', 'milk', '2026-02-12 15:59:02.732547+00'), ('79443fcc-7f63-4f93-842d-fc426eb89e92', 'fd209790-f76f-46f9-9f52-131469b774ce', 'OAT MILK', '40.00', 'milk', '2026-02-22 00:47:28.909978+00'), ('7aefc234-2677-4b6a-8f2a-1dd6a5c326e3', '1b93b29c-5610-4929-8f34-ac8a12b3abcb', 'Honey Glazed Sauce', '40.00', 'extras', '2026-02-25 01:47:36.622649+00'), ('7d4de5b9-7650-4a02-bb6e-5236233b2647', '46553085-da91-409f-8a08-3d77fc41d697', 'Honey Glazed Sauce', '40.00', 'extras', '2026-02-25 01:46:33.079644+00'), ('7e462d78-a8bb-4230-bbd1-5e96c22bbd25', '52f3d7d2-c47c-4a81-b7bb-d4c34869d13a', 'WILD HONEY STICK', '20.00', 'syrup', '2025-10-13 08:51:23.951756+00'), ('7f6c19e9-dd4d-407f-9caa-971dce8ffab0', '1b93b29c-5610-4929-8f34-ac8a12b3abcb', 'Soy Sauce + Kalamansi', '0.00', 'extras', '2026-02-25 01:47:36.622649+00'), ('80179d60-b95a-4f45-b337-5d091f86b627', 'd9122485-199f-4f41-babf-e9749abb04d9', 'OAT MILK', '40.00', 'milk', '2026-02-14 06:19:38.890634+00'), ('8269c526-7561-451a-811a-9b90159e724c', '46553085-da91-409f-8a08-3d77fc41d697', 'Sweet Barbecue Sauce', '40.00', 'extras', '2026-02-25 01:46:33.079644+00'), ('84a2003b-0a86-46f2-bf46-ad6404df18cb', 'dc8314e6-33c1-4428-8c28-3b86badb87d3', 'OAT MILK', '40.00', 'milk', '2026-02-12 15:33:28.935421+00'), ('898c592a-5a56-45ce-af6a-148f3e044443', 'e13660e2-21e2-4c25-86c1-994ce8738cae', 'Spicy Garlic Barbecue Sauce', '40.00', 'extras', '2026-02-25 01:48:35.950163+00'), ('899eb3b4-9a85-4608-add0-898f24c8e0d1', '23f3a97d-7e58-4a32-b1a7-ff9a43582370', 'WILD HONEY STICK ', '20.00', 'syrup', '2025-10-13 08:50:26.837765+00'), ('8a1f8efc-63b9-4646-abf9-8cc60d7a5f31', 'c2de1dbb-274d-4fa2-9ac1-98b1ca532afd', 'OAT MILK', '40.00', 'milk', '2026-02-12 16:50:16.977973+00'), ('8d78ef9c-7c4c-4886-a953-a54bab771455', 'cbb3a469-a861-4f79-a6f6-ce5471dd5721', 'COFFEE JELLY (SINKER)', '30.00', 'extras', '2026-02-12 16:09:25.225645+00'), ('9539f368-7946-4294-83d8-883f8300ffab', '894652d5-829f-4cac-b867-6335e3b432d8', 'EXTRA ESPRESSO SHOT', '40.00', 'coffee', '2026-02-12 16:48:00.053992+00'), ('95ac046d-2693-4c31-899b-599a94bbb31b', '46553085-da91-409f-8a08-3d77fc41d697', 'Garlic Parmesan', '40.00', 'extras', '2026-02-25 01:46:33.079644+00'), ('99e5ab83-00b4-4fda-889c-d6aa5057748b', 'c2de1dbb-274d-4fa2-9ac1-98b1ca532afd', 'EXTRA ESPRESSO SHOT', '40.00', 'coffee', '2026-02-12 16:50:16.977973+00'), ('9c87bc86-b7e9-43de-b8c0-22fdd5e91099', '459e33a7-08af-47d5-9e05-0bbb313fa769', 'COFFEE JELLY (SINKER)', '30.00', 'extras', '2026-02-12 16:06:57.563982+00'), ('9ea94092-b65b-4a4e-88d2-e295ae7559fc', '75e43ff9-c3dc-43c8-a354-f1c0de42efdb', 'WILD HONEY STICK', '20.00', 'syrup', '2025-10-13 08:50:40.947141+00'), ('a32d8fe2-4db3-4fab-96da-88b08ff60872', '459e33a7-08af-47d5-9e05-0bbb313fa769', 'OAT MILK', '40.00', 'milk', '2026-02-12 16:06:57.563982+00'), ('a425e0c6-8fce-4f5f-813d-de1cb735de4c', '3f4eb246-abd0-4621-a85e-27ca794890d2', 'WILD HONEY STICK', '20.00', 'syrup', '2025-10-13 08:50:09.860052+00'), ('a69f102b-52d9-4ec7-841e-1136ddca7e5d', '1b93b29c-5610-4929-8f34-ac8a12b3abcb', 'Japanese Teriyaki Sauce', '40.00', 'extras', '2026-02-25 01:47:36.622649+00'), ('a96d15ac-c4ce-4bd8-9680-3a5990f481cf', '46553085-da91-409f-8a08-3d77fc41d697', 'Spicy Honey Glazed Sauce', '40.00', 'extras', '2026-02-25 01:46:33.079644+00'), ('b072bec0-ed3e-4bc0-b34e-f606afc01d3e', 'dc8314e6-33c1-4428-8c28-3b86badb87d3', 'COFFEE JELLY (SINKER)', '30.00', 'extras', '2026-02-12 15:33:28.935421+00'), ('b31c06a4-afaf-4efd-9667-bd9e01f32e38', 'f218d7f6-23f7-4030-8aa3-495074dea519', 'WILD HONEY STICK', '20.00', 'syrup', '2025-10-13 08:51:07.814733+00'), ('b5055cc9-8a6b-43af-a5d9-66d06ffa77ee', 'eb1468d0-f08c-4966-a092-d9d3fdc0255f', 'NATA', '30.00', 'extras', '2026-02-09 11:12:34.232057+00'), ('b61d0f46-2639-41e4-a595-9aac236d32d9', '1b93b29c-5610-4929-8f34-ac8a12b3abcb', 'Garlic Parmesan', '40.00', 'extras', '2026-02-25 01:47:36.622649+00'), ('ba4589b5-d8bc-4c46-abb9-b38ca5aa87fd', '8babf413-19ed-4fae-bc86-2ab56385e940', 'EXTRA ESPRESSO SHOT', '40.00', 'coffee', '2026-02-12 15:59:02.732547+00'), ('bc67bbcc-78e2-407e-8b9a-7bb5cf3b1681', '459e33a7-08af-47d5-9e05-0bbb313fa769', 'EXTRA ESPRESSO SHOT', '40.00', 'coffee', '2026-02-12 16:06:57.563982+00'), ('bd8e1e31-d6ce-47ff-af8b-438242f29cf7', 'd9122485-199f-4f41-babf-e9749abb04d9', 'COFFEE JELLY (SINKER)', '30.00', 'extras', '2026-02-14 06:19:38.890634+00'), ('c0bcf057-3e4f-4b36-b1e0-11b365a46baf', 'e13660e2-21e2-4c25-86c1-994ce8738cae', 'Garlic Mayo Sauce', '40.00', 'extras', '2026-02-25 01:48:35.950163+00'), ('c5db9b87-5a3a-4a86-8749-aab9a61c5402', '6a72f521-a317-427c-825d-b9e9ebb5d1b4', 'OAT MILK', '40.00', 'milk', '2026-02-12 15:37:33.163566+00'), ('cd15d7ef-b9c7-4c22-8919-4f531d34212f', 'e13660e2-21e2-4c25-86c1-994ce8738cae', 'Spicy Garlic Butter Sauce', '40.00', 'extras', '2026-02-25 01:48:35.950163+00'), ('cfe21a5d-3613-4c18-a9ff-46a307ebc513', 'e13660e2-21e2-4c25-86c1-994ce8738cae', 'Soy Sauce + Kalamansi', '0.00', 'extras', '2026-02-25 01:48:35.950163+00'), ('d44f2516-51fa-469f-8b17-30cfba318297', 'a2a98f38-0052-48fa-9381-407dea15fff2', 'COFFEE JELLY (SINKER)', '30.00', 'extras', '2026-02-12 15:44:11.514567+00'), ('d4817e93-3cae-4f5d-9d44-e2188a07f73b', '8babf413-19ed-4fae-bc86-2ab56385e940', 'COFFEE JELLY (SINKER)', '30.00', 'extras', '2026-02-12 15:59:02.732547+00'), ('d50c6453-32e4-44a3-b541-90687de62f48', '6a72f521-a317-427c-825d-b9e9ebb5d1b4', 'COFFEE JELLY (SINKER)', '30.00', 'extras', '2026-02-12 15:37:33.163566+00'), ('d6209382-201a-4680-b4cd-11861421ca94', '62a7af62-5da3-46c3-b3d4-f0e0e60eb198', 'COFFEE JELLY (SINKER)', '30.00', 'extras', '2026-02-12 16:02:55.32584+00'), ('da7abed8-9966-4792-8def-b157f67d9316', 'f037b8e3-f711-4e5c-8538-d838befe2b86', 'OAT MILK', '40.00', 'milk', '2026-02-12 16:30:29.660249+00'), ('dc856b53-296c-4381-bc5d-0e4f283d410b', 'f037b8e3-f711-4e5c-8538-d838befe2b86', 'EXTRA ESPRESSO SHOT', '40.00', 'coffee', '2026-02-12 16:30:29.660249+00'), ('dfa1d84d-04e2-4459-8847-efd3edb397b5', '46553085-da91-409f-8a08-3d77fc41d697', 'Spicy Garlic Barbecue Sauce', '40.00', 'extras', '2026-02-25 01:46:33.079644+00'), ('e28d2e9b-e3f5-454a-afcf-17ea275c8353', 'cbb3a469-a861-4f79-a6f6-ce5471dd5721', 'OAT MILK', '40.00', 'milk', '2026-02-12 16:09:25.225645+00'), ('e3be9ee4-41a2-451b-9ea1-5a784c2e3051', 'dc8314e6-33c1-4428-8c28-3b86badb87d3', 'EXTRA ESPRESSO SHOT', '40.00', 'coffee', '2026-02-12 15:33:28.935421+00'), ('e7a7f3ee-cfc7-4c6d-875c-c25383c1a5de', '1b93b29c-5610-4929-8f34-ac8a12b3abcb', 'Roasted Sesame Sauce', '40.00', 'extras', '2026-02-25 01:47:36.622649+00'), ('e95d2ac5-87f2-42f7-b54e-f00ec4b7d76e', '5e529b99-b0e5-4694-a502-029a72204978', 'OAT MILK', '40.00', 'milk', '2026-02-12 15:13:41.057078+00'), ('e9f563f6-abe2-4ac9-8054-229e62f72087', 'b832ff1a-5d08-4b90-a15b-18ef80cb0d6c', 'EXTRA ESPRESSO SHOT', '40.00', 'coffee', '2026-02-12 16:13:20.882484+00'), ('f01416b5-d439-4a21-9cc1-c49ebb91a39b', '46553085-da91-409f-8a08-3d77fc41d697', 'Spicy Garlic Butter Sauce', '40.00', 'extras', '2026-02-25 01:46:33.079644+00'), ('f1e78023-2cd7-456f-9671-5c58ce823a07', 'a2a98f38-0052-48fa-9381-407dea15fff2', 'EXTRA ESPRESSO SHOT', '40.00', 'coffee', '2026-02-12 15:44:11.514567+00'), ('f3d3644c-7ddd-4fce-ab21-ff07cfae6714', 'e13660e2-21e2-4c25-86c1-994ce8738cae', 'Buffalo Sauce', '40.00', 'extras', '2026-02-25 01:48:35.950163+00'), ('f694614b-2867-461f-a776-3094fbb2c226', 'cbb3a469-a861-4f79-a6f6-ce5471dd5721', 'EXTRA ESPRESSO SHOT', '40.00', 'coffee', '2026-02-12 16:09:25.225645+00'), ('f8f9bb2d-406d-47fd-a533-416a1b79291e', 'e13660e2-21e2-4c25-86c1-994ce8738cae', 'Sweet Barbecue Sauce', '40.00', 'extras', '2026-02-25 01:48:35.950163+00'), ('ff45098e-ea41-4822-8f3e-ca44d96465a2', '1b93b29c-5610-4929-8f34-ac8a12b3abcb', 'Spicy Garlic Mayo Sauce', '40.00', 'extras', '2026-02-25 01:47:36.622649+00') ON CONFLICT DO NOTHING;

-- 5. SERVING PREFERENCES
INSERT INTO "public"."serving_preferences" ("id", "menu_item_id", "name", "value", "price", "created_at") VALUES ('01b3e3d6-6c6d-450d-a126-261ef237e9da', '66f67491-ad9c-41b8-84f3-6de01ec458cb', 'MILD COFFEE', '', '0.00', '2026-02-09 11:06:42.278829+00'), ('05bda937-e012-40de-a278-7291b87b168b', 'c80f284c-0055-4f18-97a4-92d1f7cbbd91', '🌶️🌶️ EXTRA SPICY', '', '0.00', '2026-02-15 07:24:19.240658+00'), ('0bd1d74c-4460-4503-b46f-b4662253a939', '64f870e1-449c-4bff-aaa4-2eeff4c4ef64', 'EXTRA SPICY', '', '0.00', '2026-02-12 09:53:32.33095+00'), ('0f4c28a7-eddc-4cac-9409-1440c867fc47', '46553085-da91-409f-8a08-3d77fc41d697', 'Separate Sauce', '', '0.00', '2026-02-25 01:46:32.863184+00'), ('116e90a6-827e-4937-8777-bd4c69dbae57', '98cc6e58-d8e6-40ad-af74-06bf190d14d3', 'STRONG COFFEE', '', '0.00', '2026-02-09 09:24:35.846974+00'), ('2a550af7-97e5-4447-866c-df7da6855318', '1b93b29c-5610-4929-8f34-ac8a12b3abcb', 'Coated', '', '0.00', '2026-02-25 01:47:36.490359+00'), ('342bfaf4-d02b-46b2-8ac8-8505cc5b5f21', 'c80f284c-0055-4f18-97a4-92d1f7cbbd91', 'CLASSIC', '', '0.00', '2026-02-15 07:24:19.240658+00'), ('35009bca-4413-4467-a377-92e3f9a99e1d', 'c80f284c-0055-4f18-97a4-92d1f7cbbd91', '🌶️ MILD SPICY', '', '0.00', '2026-02-15 07:24:19.240658+00'), ('386f57e4-e651-4888-8d94-8388bc3f310a', '66f67491-ad9c-41b8-84f3-6de01ec458cb', 'STRONG COFFEE', '', '0.00', '2026-02-09 11:06:42.278829+00'), ('54a8c734-1c13-4181-814b-f5696cd95604', '46553085-da91-409f-8a08-3d77fc41d697', 'Coated', '', '0.00', '2026-02-25 01:46:32.863184+00'), ('6f2ba2cf-3795-4958-bab8-96668277bf99', '7891c01a-69c7-4187-b750-144ff5e97e91', 'Separate Sauce', '', '0.00', '2026-02-25 01:49:22.370255+00'), ('78413ddd-6b83-48da-bb7a-e2c2cccc54f0', '1b93b29c-5610-4929-8f34-ac8a12b3abcb', 'Separate Sauce', '', '0.00', '2026-02-25 01:47:36.490359+00'), ('7ab7eb56-8891-4919-ab02-b350e20123a6', '7891c01a-69c7-4187-b750-144ff5e97e91', 'Coated', '  ', '0.00', '2026-02-25 01:49:22.370255+00'), ('7b256c43-11ce-4646-bce3-694f8757ed49', '98cc6e58-d8e6-40ad-af74-06bf190d14d3', 'MILD  COFFEE', '', '0.00', '2026-02-09 09:24:35.846974+00'), ('890d52ce-14f2-4ecb-b819-743240dbeb70', '64f870e1-449c-4bff-aaa4-2eeff4c4ef64', 'CLASSIC', '', '0.00', '2026-02-12 09:53:32.33095+00'), ('a61d2321-aee5-4985-a165-3a00890c3cbc', '64f870e1-449c-4bff-aaa4-2eeff4c4ef64', 'MILD SPICY', '', '0.00', '2026-02-12 09:53:32.33095+00'), ('fe50966a-697b-4e98-b530-c8cd276dd1f9', '1b93b29c-5610-4929-8f34-ac8a12b3abcb', '', '', '0.00', '2026-02-25 01:47:36.490359+00') ON CONFLICT DO NOTHING;

-- 6. BUNDLES
INSERT INTO "public"."bundles" ("id", "name", "description", "image_url", "pricing_type", "fixed_price", "discount_type", "discount_value", "active", "show_on_menu", "sort_order", "created_at", "updated_at") VALUES ('695fdd55-c03f-47ce-8a4f-e206bc04734d', 'MORNING COMBO', '', 'https://xnnracrkpapdfqcistvh.supabase.co/storage/v1/object/public/menu-images/1772031451275-44no5a0uvkl.jpeg', 'fixed', '265.00', 'none', '0.00', 'true', 'true', '4', '2026-02-25 14:49:39.13474+00', '2026-02-25 15:23:21.860997+00'), ('76cfa05c-3db5-42d1-8752-d567058538b4', 'Back Ribs Meal Combo', '', 'https://xnnracrkpapdfqcistvh.supabase.co/storage/v1/object/public/menu-images/1771767547581-w1zvafzkvhs.jpeg', 'fixed', '420.00', 'none', '0.00', 'false', 'true', '3', '2026-02-22 13:36:18.661709+00', '2026-02-25 13:30:53.524366+00'), ('a7c4d9e7-04be-4eee-80b9-d46ff753a627', 'CHICKEN POPS COMBO', '', 'https://xnnracrkpapdfqcistvh.supabase.co/storage/v1/object/public/menu-images/1771502557761-7d6f2aveggy.jpeg', 'discount', '0.00', 'fixed', '21.00', 'true', 'true', '2', '2026-02-19 11:24:58.012743+00', '2026-02-21 08:38:09.678591+00'), ('d5ffeb26-d386-4434-8180-4fa3ce87de28', 'CHORIZO COMBO', '', 'https://xnnracrkpapdfqcistvh.supabase.co/storage/v1/object/public/menu-images/1772032839973-dx4cxk0ljn9.jpeg', 'fixed', '180.00', 'none', '0.00', 'true', 'true', '5', '2026-02-25 15:22:01.821085+00', '2026-02-25 15:22:01.821085+00') ON CONFLICT DO NOTHING;

-- 7. BUNDLE ITEMS
INSERT INTO "public"."bundle_items" ("id", "bundle_id", "menu_item_id", "sort_order") VALUES ('1975b1c7-f079-4b6a-bc94-66a85780f8a2', 'a7c4d9e7-04be-4eee-80b9-d46ff753a627', '7891c01a-69c7-4187-b750-144ff5e97e91', '0'), ('3dd4ee17-da6c-4107-8ba4-b2a5bb721f83', 'd5ffeb26-d386-4434-8180-4fa3ce87de28', 'a4150f7b-83ed-4929-9be8-6e30f743553d', '0'), ('4948edac-6096-4944-b926-84ea8fd792e9', '76cfa05c-3db5-42d1-8752-d567058538b4', '8a961f61-3cb8-4549-805e-629b22d009e2', '1'), ('4b35ecdd-d626-495c-8938-e78c61934720', '76cfa05c-3db5-42d1-8752-d567058538b4', '64f870e1-449c-4bff-aaa4-2eeff4c4ef64', '0'), ('99f9a50e-ad47-4313-ae8c-78f6b1707b87', '695fdd55-c03f-47ce-8a4f-e206bc04734d', '8e33b883-afe5-4130-bc36-74c61a31ba4a', '1'), ('b392107e-80de-43e6-97c8-e0efa80ae972', '695fdd55-c03f-47ce-8a4f-e206bc04734d', '04cc062d-e374-485a-8b30-8553ff32f7e1', '0'), ('b451c9ee-9e2c-4015-b773-b07d32881e79', 'd5ffeb26-d386-4434-8180-4fa3ce87de28', 'ae294eff-7952-4851-8d62-cb09395736ce', '1'), ('f0842eaf-1a41-4d12-a5bf-48d23fefe13a', 'a7c4d9e7-04be-4eee-80b9-d46ff753a627', '105142c7-dbd9-4fa2-8b1f-f181f74afe1d', '1') ON CONFLICT DO NOTHING;

-- 8. UPSELLS
INSERT INTO "public"."upsells" ("id", "type", "name", "description", "trigger_item_ids", "offer_item_ids", "discount_type", "discount_value", "active", "sort_order", "image_url", "skip_label", "accept_label", "created_at", "updated_at", "bundle_id") VALUES ('20826b41-8493-48df-a222-2e668b86ad61', 'best_pair', 'HOT AMERICANO + CROISSANT', '', ARRAY['f037b8e3-f711-4e5c-8538-d838befe2b86','67387803-23d3-4de6-9145-03a8a23db288']::uuid[], ARRAY['e9dbf7bd-2094-44c1-89a7-5483182cb626','bb259bc9-a0cf-4d23-aed1-9b16f7c39a2c','2f402e44-2c67-4195-8328-29b95a99d1a4']::uuid[], 'none', '20.00', 'true', '10', null, 'No, thanks', 'Add to Order', '2026-02-14 17:38:12.510815+00', '2026-02-14 17:44:31.118815+00', null), ('22c7709d-0373-49e4-82c9-abbb02180e14', 'upgrade_meal', 'Morning Combo', '', ARRAY['f0c76d99-057e-4577-b727-d3e08765fadd']::uuid[], ARRAY['f0c76d99-057e-4577-b727-d3e08765fadd','04cc062d-e374-485a-8b30-8553ff32f7e1']::uuid[], 'percentage', '10.00', 'false', '2', 'https://xnnracrkpapdfqcistvh.supabase.co/storage/v1/object/public/menu-images/1770817487991-xlkyi0pk80b.jpeg', 'No, thanks', 'Take Combo', '2026-02-11 11:39:43.098027+00', '2026-02-25 13:31:02.092038+00', null), ('2c045495-a610-4187-9328-1f18f112e718', 'best_pair', 'HALO+Burger', '', ARRAY['dd47b4dd-e7df-484b-a47a-08c88e73abc3']::uuid[], ARRAY['91f4d2be-a18e-4af1-a094-50498eae0691']::uuid[], 'fixed', '15.00', 'false', '5', null, 'No, thanks', 'Add to Order', '2026-02-13 09:23:03.754039+00', '2026-02-20 14:37:41.55549+00', null), ('67492450-9ac3-444c-820a-a081618b3273', 'before_you_go', 'Would you like to try our best selling items?', '🥗🥗🥗🍍🍍🍍', ARRAY[]::uuid[], ARRAY['a8b45e37-b19d-4916-94a9-9d15a019b6cc','a7abc513-5e5f-4937-ad71-8d620bc90cac']::uuid[], 'none', '0.00', 'true', '8', null, 'No, thanks', 'Add to Order', '2026-02-13 09:51:03.083811+00', '2026-02-21 08:51:08.708923+00', null), ('6994e27f-210f-4afc-8826-d823e877450b', 'best_pair', 'Iced Americano + biscoff cheesecake', '', ARRAY['f0c76d99-057e-4577-b727-d3e08765fadd']::uuid[], ARRAY['91b963be-b40f-4a58-aac2-dec6a24a5e64','39535c84-c53d-4745-9c5b-fdca345f281b']::uuid[], 'none', '0.00', 'false', '1', null, 'No, thanks', 'Add to Order', '2026-02-11 11:33:41.015391+00', '2026-02-19 09:23:37.714375+00', null), ('740b9fb2-d110-4c9f-9030-0969381c6c51', 'best_pair', 'MANGO SHAKE+ BURGER', '', ARRAY['2c85df10-4de2-4f6d-ac78-35f4c3219b51']::uuid[], ARRAY['465292c2-5907-4f63-bfe7-6c169103e4ef']::uuid[], 'none', '0.00', 'true', '6', null, 'No, thanks', 'Add to Order', '2026-02-13 09:28:00.142584+00', '2026-02-13 09:28:00.142584+00', null), ('8c410008-3730-47aa-af14-ecc114ae7b98', 'best_pair', 'SPICY GARLIC BUTTER WINGS + FRAPPES', '', ARRAY['0077fd26-f8d3-4df3-9056-24d6d3b91cb6']::uuid[], ARRAY['82951005-865c-4b38-9d28-322dfe6a55aa','9fc761cd-64fd-4cf1-9d6e-dd718b3632fc']::uuid[], 'none', '0.00', 'true', '11', null, 'No, thanks', 'Add to Order', '2026-02-14 17:50:49.642578+00', '2026-02-14 17:58:24.613025+00', null), ('9bed12bb-90cf-4c39-b8b0-f0eb8c62f0de', 'before_you_go', 'Would you like to try our best selling items?', '♥️', ARRAY[]::uuid[], ARRAY['ddca78d7-6efc-4b12-ae97-e1dc24233316','dd47b4dd-e7df-484b-a47a-08c88e73abc3','bb259bc9-a0cf-4d23-aed1-9b16f7c39a2c','e9dbf7bd-2094-44c1-89a7-5483182cb626','2f402e44-2c67-4195-8328-29b95a99d1a4']::uuid[], 'none', '0.00', 'true', '3', 'https://xnnracrkpapdfqcistvh.supabase.co/storage/v1/object/public/menu-images/1770942728529-216abtkryna.jpeg', 'No, thanks', 'Proceed to Check Out', '2026-02-11 11:49:43.271182+00', '2026-02-22 00:41:09.954752+00', null), ('aff757fb-e2c8-44da-a471-0d63b8bb9ff3', 'upgrade_meal', 'Chickenwings+Seasalt Latte', '', ARRAY['0abca338-30a3-4435-b9da-9b9aab6ae07c']::uuid[], ARRAY['dc8314e6-33c1-4428-8c28-3b86badb87d3']::uuid[], 'fixed', '15.00', 'false', '7', null, 'No, thanks', 'Add to Order', '2026-02-13 09:32:19.442937+00', '2026-02-20 14:38:21.06928+00', null) ON CONFLICT DO NOTHING;

-- 9. PROMOTIONAL BANNERS
INSERT INTO "public"."promotional_banners" ("id", "title", "description", "image_url", "link_url", "active", "sort_order", "start_date", "end_date", "created_at", "updated_at") VALUES ('0ed01c47-58ef-46cd-a4c5-9870314a3adc', '', null, 'https://xnnracrkpapdfqcistvh.supabase.co/storage/v1/object/public/menu-images/1771662010994-klyi95s8n2o.jpeg', null, 'true', '4', null, null, '2026-01-19 10:44:20.675205+00', '2026-02-22 10:38:56.778508+00'), ('22d8051f-3258-4fe7-8a1f-f95809a31b3e', '', null, 'https://xnnracrkpapdfqcistvh.supabase.co/storage/v1/object/public/menu-images/1771661693108-neq4v0ewdog.jpeg', null, 'true', '2', null, null, '2026-01-31 07:13:42.880943+00', '2026-02-22 10:38:55.803866+00'), ('41af3a82-9f1e-41ae-96f7-b25951821a6e', '', null, 'https://xnnracrkpapdfqcistvh.supabase.co/storage/v1/object/public/menu-images/1771660610757-8dn1rc2swzn.jpeg', null, 'true', '7', null, null, '2026-02-01 09:56:20.489863+00', '2026-02-22 10:38:57.669876+00'), ('76ab07eb-7869-461f-bd0a-117e675133e3', '', null, 'https://xnnracrkpapdfqcistvh.supabase.co/storage/v1/object/public/menu-images/1771761444375-jfsuf13d4dh.png', null, 'true', '0', null, null, '2026-01-11 10:47:00.403181+00', '2026-02-22 11:57:38.503778+00'), ('7d3993fb-9001-4872-b0ae-5cdf8e8a4676', '', null, 'https://xnnracrkpapdfqcistvh.supabase.co/storage/v1/object/public/menu-images/1771662550530-akajhibsfm4.jpeg', null, 'true', '3', null, null, '2026-02-03 15:43:24.639381+00', '2026-02-22 10:38:56.3288+00'), ('838c7c1d-ceb5-4d1e-8570-22a8fbafd616', '', null, 'https://xnnracrkpapdfqcistvh.supabase.co/storage/v1/object/public/menu-images/1767946294977-ugteqh5n0yb.png', null, 'true', '11', null, null, '2026-01-09 08:11:46.621421+00', '2026-02-22 10:38:58.843345+00'), ('97eeee4d-4b55-413e-b756-18c18549a922', '', null, 'https://xnnracrkpapdfqcistvh.supabase.co/storage/v1/object/public/menu-images/1771756722122-z3ey327glrs.jpeg', null, 'true', '1', null, null, '2026-02-20 13:49:01.672568+00', '2026-02-22 10:38:55.522656+00'), ('9d2f9408-a884-490f-970e-28825aa09ef5', '', null, 'https://xnnracrkpapdfqcistvh.supabase.co/storage/v1/object/public/menu-images/1768916791579-jjyymlz42g.jpeg', null, 'true', '9', null, null, '2026-01-20 13:46:48.800555+00', '2026-02-22 10:38:58.24383+00'), ('a436c091-e8f1-4f6a-a0be-26ba6fb97e9a', '', null, 'https://xnnracrkpapdfqcistvh.supabase.co/storage/v1/object/public/menu-images/1771223162525-ias9sjv6b.jpeg', null, 'true', '5', null, null, '2026-02-16 06:14:09.007134+00', '2026-02-22 10:38:57.089277+00'), ('ca95a2be-6444-4d97-9acd-aa1267ff939d', '', null, 'https://xnnracrkpapdfqcistvh.supabase.co/storage/v1/object/public/menu-images/1771222192310-mtsq848ybjq.png', null, 'true', '6', null, null, '2026-02-16 06:09:58.97183+00', '2026-02-22 10:38:57.392909+00'), ('f887554a-aad7-4b82-a550-2a21b69cc521', '', null, 'https://xnnracrkpapdfqcistvh.supabase.co/storage/v1/object/public/menu-images/1768819355675-1p2qm1rkvo7.png', null, 'false', '8', null, null, '2026-01-11 09:38:44.37931+00', '2026-02-22 10:38:57.963699+00'), ('ff881966-5edd-435b-a32d-b18c98d6cdac', '', null, 'https://xnnracrkpapdfqcistvh.supabase.co/storage/v1/object/public/menu-images/1768133091927-ot58tniknlc.jpeg', null, 'true', '12', null, null, '2026-01-08 13:10:54.719789+00', '2026-02-22 10:38:59.115246+00') ON CONFLICT DO NOTHING;

COMMIT;
